HUC8,YEAR,mean_recharge
14070006,1991,0
14070006,1992,17.72162788
14070006,1993,16.78401527
14070006,1994,0
14070006,1995,0.561435607
14070006,1996,0
14070006,1997,10.21503354
14070006,1998,2.013039994
14070006,1999,0
14070006,2000,3.641782612
14070006,2001,0
14070006,2002,0
14070006,2003,0
14070006,2004,3.75015786
14070006,2005,22.99054545
14070006,2006,37.06052723
14070006,2007,14.05649101
14070006,2008,6.340795426
14070006,2009,5.44480096
14070006,2010,2.357590718
14070006,2011,1.260066541
14070006,2012,0
14070006,2013,14.06031439
14070006,2014,0
14070006,2015,10.73444532
14070006,2016,9.33325368
14070006,2017,19.61049094
14070006,2018,0
14070006,2019,12.22699209
14070006,2020,0
14070007,1991,0
14070007,1992,33.93192816
14070007,1993,58.07733018
14070007,1994,0
14070007,1995,0.340623611
14070007,1996,0
14070007,1997,0
14070007,1998,0
14070007,1999,0
14070007,2000,13.67282779
14070007,2001,0
14070007,2002,0
14070007,2003,0
14070007,2004,31.10094884
14070007,2005,32.3787982
14070007,2006,29.89513508
14070007,2007,3.644325206
14070007,2008,18.63361938
14070007,2009,14.16647109
14070007,2010,35.59845092
14070007,2011,0
14070007,2012,0
14070007,2013,6.51112692
14070007,2014,0
14070007,2015,0.167912757
14070007,2016,13.12565318
14070007,2017,0
14070007,2018,10.16311009
14070007,2019,30.52284727
14070007,2020,0
14080105,1991,25.86338643
14080105,1992,18.39487191
14080105,1993,39.68097069
14080105,1994,8.218526595
14080105,1995,28.43553252
14080105,1996,22.27108907
14080105,1997,6.094286946
14080105,1998,16.89354385
14080105,1999,0
14080105,2000,0
14080105,2001,0
14080105,2002,0
14080105,2003,1.953729032
14080105,2004,0
14080105,2005,15.35294625
14080105,2006,24.94750596
14080105,2007,52.69056099
14080105,2008,20.83926113
14080105,2009,0
14080105,2010,19.16143853
14080105,2011,0
14080105,2012,0.793402336
14080105,2013,0
14080105,2014,0
14080105,2015,0
14080105,2016,6.329746557
14080105,2017,0
14080105,2018,0
14080105,2019,27.73766442
14080105,2020,0
14080106,1991,217.7554209
14080106,1992,94.82192483
14080106,1993,181.7597586
14080106,1994,64.69952773
14080106,1995,122.5536691
14080106,1996,108.2053219
14080106,1997,74.77790033
14080106,1998,111.3424453
14080106,1999,8.007004218
14080106,2000,24.54200551
14080106,2001,46.71043129
14080106,2002,16.96874062
14080106,2003,68.06004817
14080106,2004,48.42598286
14080106,2005,100.2445341
14080106,2006,105.3221485
14080106,2007,180.3329024
14080106,2008,145.031871
14080106,2009,75.74539485
14080106,2010,151.16356
14080106,2011,52.49048563
14080106,2012,44.28119228
14080106,2013,30.81761198
14080106,2014,11.44594271
14080106,2015,51.90953476
14080106,2016,37.5470766
14080106,2017,52.86539267
14080106,2018,12.37363065
14080106,2019,150.1329227
14080106,2020,3.300913697
14080201,1991,1.282664009
14080201,1992,7.895302168
14080201,1993,19.78982602
14080201,1994,0
14080201,1995,8.204376996
14080201,1996,1.984118173
14080201,1997,0
14080201,1998,0
14080201,1999,0
14080201,2000,0
14080201,2001,0
14080201,2002,0
14080201,2003,0
14080201,2004,0
14080201,2005,0
14080201,2006,9.181022595
14080201,2007,28.13474836
14080201,2008,0
14080201,2009,0
14080201,2010,0
14080201,2011,0
14080201,2012,0
14080201,2013,0
14080201,2014,0
14080201,2015,6.242011004
14080201,2016,6.782144081
14080201,2017,0
14080201,2018,0
14080201,2019,10.31430438
14080201,2020,1.632640328
14080204,1991,12.55210771
14080204,1992,0
14080204,1993,8.04898457
14080204,1994,0
14080204,1995,5.618530054
14080204,1996,0
14080204,1997,0.517591734
14080204,1998,2.062031376
14080204,1999,0
14080204,2000,0
14080204,2001,0
14080204,2002,0
14080204,2003,0
14080204,2004,0
14080204,2005,5.091542854
14080204,2006,7.011031539
14080204,2007,16.04526304
14080204,2008,0.271477738
14080204,2009,0
14080204,2010,0.251658506
14080204,2011,0
14080204,2012,0
14080204,2013,0
14080204,2014,0
14080204,2015,2.18527118
14080204,2016,2.571027231
14080204,2017,2.224608491
14080204,2018,0
14080204,2019,1.76557014
14080204,2020,0
14080205,1991,8.447221431
14080205,1992,1.689465462
14080205,1993,19.09912243
14080205,1994,0
14080205,1995,4.48521922
14080205,1996,0
14080205,1997,0
14080205,1998,0
14080205,1999,0
14080205,2000,0
14080205,2001,0
14080205,2002,0
14080205,2003,0
14080205,2004,0
14080205,2005,18.17854074
14080205,2006,23.37039412
14080205,2007,8.23006339
14080205,2008,0
14080205,2009,0.988259094
14080205,2010,0
14080205,2011,0
14080205,2012,0
14080205,2013,0
14080205,2014,0
14080205,2015,10.86690727
14080205,2016,8.738871597
14080205,2017,7.255217928
14080205,2018,0
14080205,2019,20.89933341
14080205,2020,0
15010001,1991,18.60347215
15010001,1992,79.8059179
15010001,1993,91.39961384
15010001,1994,22.516272
15010001,1995,51.07159998
15010001,1996,10.98234445
15010001,1997,22.53141199
15010001,1998,35.73350343
15010001,1999,0
15010001,2000,38.72886412
15010001,2001,19.79641263
15010001,2002,0
15010001,2003,6.869509964
15010001,2004,52.35570433
15010001,2005,68.75658769
15010001,2006,59.62618884
15010001,2007,13.9423331
15010001,2008,45.47537213
15010001,2009,20.42842372
15010001,2010,53.58439178
15010001,2011,8.806148292
15010001,2012,0
15010001,2013,37.48053159
15010001,2014,0
15010001,2015,20.05693907
15010001,2016,48.09210552
15010001,2017,37.69597667
15010001,2018,26.87541399
15010001,2019,42.73618346
15010001,2020,0
15010002,1991,3.665924255
15010002,1992,42.95974765
15010002,1993,91.95032912
15010002,1994,0
15010002,1995,23.06750788
15010002,1996,0
15010002,1997,0
15010002,1998,35.49614429
15010002,1999,0
15010002,2000,26.49188464
15010002,2001,19.97721578
15010002,2002,0
15010002,2003,13.86265655
15010002,2004,20.75248954
15010002,2005,66.91414791
15010002,2006,38.33703751
15010002,2007,7.996203973
15010002,2008,23.83896107
15010002,2009,0
15010002,2010,68.25814983
15010002,2011,2.076492145
15010002,2012,0
15010002,2013,34.41783637
15010002,2014,0
15010002,2015,3.29868369
15010002,2016,65.57879715
15010002,2017,33.22361144
15010002,2018,0
15010002,2019,7.536430401
15010002,2020,0
15010003,1991,4.81451052
15010003,1992,61.40752714
15010003,1993,90.60442078
15010003,1994,0.367992663
15010003,1995,29.2037445
15010003,1996,7.470405605
15010003,1997,0
15010003,1998,30.36233902
15010003,1999,0
15010003,2000,23.07573524
15010003,2001,8.442952086
15010003,2002,0
15010003,2003,13.90976798
15010003,2004,52.90024121
15010003,2005,60.13251211
15010003,2006,38.28883398
15010003,2007,9.579159048
15010003,2008,19.04229935
15010003,2009,8.343167912
15010003,2010,55.38572024
15010003,2011,0
15010003,2012,0
15010003,2013,19.42366379
15010003,2014,0
15010003,2015,15.90528688
15010003,2016,50.28999474
15010003,2017,3.178036368
15010003,2018,9.218403776
15010003,2019,29.04582756
15010003,2020,0
15010004,1991,53.7280998
15010004,1992,114.8434675
15010004,1993,138.4643697
15010004,1994,37.3936909
15010004,1995,38.65022125
15010004,1996,2.582837695
15010004,1997,39.72678483
15010004,1998,42.78881645
15010004,1999,37.48115324
15010004,2000,39.34548648
15010004,2001,25.57709602
15010004,2002,0
15010004,2003,15.89519938
15010004,2004,30.39293251
15010004,2005,81.76559115
15010004,2006,25.42237247
15010004,2007,55.10891253
15010004,2008,49.73044594
15010004,2009,24.06848838
15010004,2010,68.89475951
15010004,2011,21.03474344
15010004,2012,0
15010004,2013,12.37926318
15010004,2014,0.086287691
15010004,2015,0
15010004,2016,106.7144473
15010004,2017,55.5108959
15010004,2018,32.16787457
15010004,2019,17.03571826
15010004,2020,0
15010005,1991,14.98144286
15010005,1992,0
15010005,1993,66.34989579
15010005,1994,0
15010005,1995,0
15010005,1996,0
15010005,1997,0
15010005,1998,32.93062662
15010005,1999,0
15010005,2000,0.656432838
15010005,2001,42.27976846
15010005,2002,0
15010005,2003,3.570255502
15010005,2004,3.311927968
15010005,2005,46.31401566
15010005,2006,29.46692702
15010005,2007,4.77948402
15010005,2008,13.73110022
15010005,2009,0
15010005,2010,76.88160071
15010005,2011,17.08221881
15010005,2012,0
15010005,2013,0
15010005,2014,5.743364799
15010005,2015,0
15010005,2016,68.18603102
15010005,2017,16.67599889
15010005,2018,0
15010005,2019,0
15010005,2020,0
15010006,1991,0
15010006,1992,14.46355784
15010006,1993,51.60500418
15010006,1994,0
15010006,1995,16.11223715
15010006,1996,0
15010006,1997,0
15010006,1998,31.76238925
15010006,1999,0
15010006,2000,3.231046198
15010006,2001,27.1730187
15010006,2002,0
15010006,2003,0
15010006,2004,10.83116114
15010006,2005,47.96435176
15010006,2006,24.97695622
15010006,2007,0
15010006,2008,2.882670292
15010006,2009,0
15010006,2010,81.0293578
15010006,2011,0
15010006,2012,0
15010006,2013,0
15010006,2014,0
15010006,2015,0
15010006,2016,52.72624318
15010006,2017,1.498278884
15010006,2018,0
15010006,2019,0
15010006,2020,0
15010007,1991,2.466803854
15010007,1992,0
15010007,1993,25.12991528
15010007,1994,0
15010007,1995,0
15010007,1996,0
15010007,1997,0
15010007,1998,6.768251864
15010007,1999,0
15010007,2000,0.631009276
15010007,2001,13.90325575
15010007,2002,5.524742345
15010007,2003,1.655864743
15010007,2004,0
15010007,2005,16.01283717
15010007,2006,20.33770715
15010007,2007,0
15010007,2008,0.701423825
15010007,2009,0
15010007,2010,17.61005641
15010007,2011,11.29373186
15010007,2012,0
15010007,2013,3.030500407
15010007,2014,15.05655369
15010007,2015,0
15010007,2016,18.43152544
15010007,2017,13.42278303
15010007,2018,0
15010007,2019,1.634143983
15010007,2020,0
15010009,1991,0
15010009,1992,26.95722038
15010009,1993,35.76213765
15010009,1994,0
15010009,1995,1.693507701
15010009,1996,0
15010009,1997,0
15010009,1998,11.26497737
15010009,1999,0
15010009,2000,0
15010009,2001,0
15010009,2002,0
15010009,2003,7.26159792
15010009,2004,22.42390008
15010009,2005,30.88754535
15010009,2006,9.448456554
15010009,2007,2.151317191
15010009,2008,0
15010009,2009,0
15010009,2010,43.3683262
15010009,2011,0
15010009,2012,0
15010009,2013,8.072303826
15010009,2014,0
15010009,2015,0
15010009,2016,37.71420178
15010009,2017,0
15010009,2018,2.382944023
15010009,2019,0
15010009,2020,0
15010010,1991,0
15010010,1992,25.3306798
15010010,1993,27.87919016
15010010,1994,0.639142396
15010010,1995,26.65100871
15010010,1996,0
15010010,1997,0
15010010,1998,23.47910434
15010010,1999,0
15010010,2000,11.50024569
15010010,2001,23.20090079
15010010,2002,0
15010010,2003,2.698122438
15010010,2004,24.86557916
15010010,2005,37.44563783
15010010,2006,20.48393039
15010010,2007,0.118270203
15010010,2008,9.741437196
15010010,2009,0
15010010,2010,46.59404099
15010010,2011,0
15010010,2012,0
15010010,2013,15.8036285
15010010,2014,10.78735972
15010010,2015,0
15010010,2016,32.48572838
15010010,2017,0
15010010,2018,0
15010010,2019,13.67217726
15010010,2020,0
15010014,1991,0
15010014,1992,0.169761702
15010014,1993,26.18183759
15010014,1994,0
15010014,1995,0
15010014,1996,0
15010014,1997,0
15010014,1998,11.0687863
15010014,1999,1.952039129
15010014,2000,0
15010014,2001,17.57787141
15010014,2002,1.265094691
15010014,2003,1.13787675
15010014,2004,0.969975475
15010014,2005,24.05789632
15010014,2006,19.74128235
15010014,2007,0
15010014,2008,0
15010014,2009,0
15010014,2010,36.49428521
15010014,2011,15.68121901
15010014,2012,0
15010014,2013,7.259494094
15010014,2014,2.868980988
15010014,2015,0
15010014,2016,29.83346462
15010014,2017,3.128950599
15010014,2018,0
15010014,2019,0
15010014,2020,0
15020001,1991,24.41879515
15020001,1992,26.12256592
15020001,1993,23.88223615
15020001,1994,42.40449398
15020001,1995,7.411729288
15020001,1996,0
15020001,1997,23.44481615
15020001,1998,0
15020001,1999,4.470295575
15020001,2000,17.28257942
15020001,2001,0
15020001,2002,2.252181999
15020001,2003,14.43921929
15020001,2004,18.19147999
15020001,2005,27.61726913
15020001,2006,11.54432052
15020001,2007,41.8176063
15020001,2008,7.954302247
15020001,2009,20.04192124
15020001,2010,16.11809496
15020001,2011,25.18978839
15020001,2012,0
15020001,2013,22.43797461
15020001,2014,0
15020001,2015,0
15020001,2016,0.330307557
15020001,2017,0
15020001,2018,0
15020001,2019,11.09881025
15020001,2020,7.187948094
15020002,1991,7.301143048
15020002,1992,21.8904766
15020002,1993,21.58326129
15020002,1994,27.9588875
15020002,1995,12.56812798
15020002,1996,0
15020002,1997,11.60114456
15020002,1998,0
15020002,1999,0
15020002,2000,4.90281755
15020002,2001,2.02296673
15020002,2002,9.586039818
15020002,2003,1.605970156
15020002,2004,0
15020002,2005,19.32541743
15020002,2006,2.236655437
15020002,2007,35.79667272
15020002,2008,5.197598101
15020002,2009,0
15020002,2010,32.0154847
15020002,2011,7.035592922
15020002,2012,0
15020002,2013,0
15020002,2014,0
15020002,2015,0
15020002,2016,0
15020002,2017,3.304373562
15020002,2018,6.071252529
15020002,2019,5.807361696
15020002,2020,0
15020003,1991,0
15020003,1992,8.154543226
15020003,1993,0
15020003,1994,28.71418028
15020003,1995,2.730201008
15020003,1996,0
15020003,1997,8.972934629
15020003,1998,0
15020003,1999,0
15020003,2000,0
15020003,2001,1.613120484
15020003,2002,30.0049925
15020003,2003,0
15020003,2004,0
15020003,2005,10.55183997
15020003,2006,0
15020003,2007,19.32341481
15020003,2008,0
15020003,2009,0
15020003,2010,7.846391256
15020003,2011,7.304528848
15020003,2012,0
15020003,2013,0
15020003,2014,0
15020003,2015,0
15020003,2016,0
15020003,2017,0
15020003,2018,15.26267338
15020003,2019,0
15020003,2020,0
15020004,1991,19.88991372
15020004,1992,20.35006611
15020004,1993,26.83286277
15020004,1994,28.15723462
15020004,1995,18.68606284
15020004,1996,2.332444367
15020004,1997,25.9627305
15020004,1998,9.22887527
15020004,1999,0
15020004,2000,0
15020004,2001,0
15020004,2002,23.32113816
15020004,2003,0
15020004,2004,0
15020004,2005,9.976840607
15020004,2006,0
15020004,2007,38.7387479
15020004,2008,0
15020004,2009,0
15020004,2010,24.56381579
15020004,2011,15.3418339
15020004,2012,0
15020004,2013,0
15020004,2014,0
15020004,2015,0
15020004,2016,0
15020004,2017,3.102242802
15020004,2018,8.311954211
15020004,2019,0
15020004,2020,0
15020005,1991,23.72600002
15020005,1992,13.09229327
15020005,1993,38.07132872
15020005,1994,21.64838615
15020005,1995,12.63229567
15020005,1996,0
15020005,1997,26.68554494
15020005,1998,0
15020005,1999,0
15020005,2000,11.3401458
15020005,2001,0
15020005,2002,0
15020005,2003,5.424529116
15020005,2004,0
15020005,2005,27.62848654
15020005,2006,9.113113538
15020005,2007,52.04735108
15020005,2008,16.59793313
15020005,2009,2.633200337
15020005,2010,41.93327519
15020005,2011,6.181992973
15020005,2012,0
15020005,2013,11.48678408
15020005,2014,5.825643025
15020005,2015,0
15020005,2016,2.128976753
15020005,2017,10.74301364
15020005,2018,0
15020005,2019,6.679791146
15020005,2020,0
15020006,1991,64.24734224
15020006,1992,13.80880961
15020006,1993,47.32536431
15020006,1994,34.98106609
15020006,1995,22.18983476
15020006,1996,21.10773469
15020006,1997,53.4152214
15020006,1998,33.76007334
15020006,1999,0
15020006,2000,16.03064062
15020006,2001,2.42608933
15020006,2002,14.88043676
15020006,2003,0
15020006,2004,0
15020006,2005,18.749389
15020006,2006,13.97353579
15020006,2007,52.29403645
15020006,2008,0.477517425
15020006,2009,14.10282459
15020006,2010,9.211679798
15020006,2011,43.67174073
15020006,2012,0
15020006,2013,0
15020006,2014,0
15020006,2015,0
15020006,2016,11.74998943
15020006,2017,17.09448518
15020006,2018,0
15020006,2019,0
15020006,2020,8.612606132
15020007,1991,28.89135778
15020007,1992,20.70034496
15020007,1993,41.70687791
15020007,1994,23.32847928
15020007,1995,22.38132269
15020007,1996,0
15020007,1997,14.25726993
15020007,1998,15.96861021
15020007,1999,0
15020007,2000,0
15020007,2001,0
15020007,2002,19.21671336
15020007,2003,0
15020007,2004,0
15020007,2005,16.63767433
15020007,2006,0
15020007,2007,41.72723094
15020007,2008,0
15020007,2009,0
15020007,2010,27.87567482
15020007,2011,3.365161911
15020007,2012,0
15020007,2013,0
15020007,2014,0
15020007,2015,0
15020007,2016,3.460095905
15020007,2017,8.317994827
15020007,2018,0
15020007,2019,0
15020007,2020,8.720389348
15020008,1991,7.498872982
15020008,1992,11.60410639
15020008,1993,13.58486783
15020008,1994,0
15020008,1995,3.369024558
15020008,1996,0
15020008,1997,9.034649182
15020008,1998,4.16412882
15020008,1999,0
15020008,2000,3.699550623
15020008,2001,2.58977327
15020008,2002,0.124738211
15020008,2003,0
15020008,2004,3.018500508
15020008,2005,9.126539913
15020008,2006,0
15020008,2007,16.92219336
15020008,2008,0
15020008,2009,0
15020008,2010,15.27066603
15020008,2011,2.635940059
15020008,2012,0
15020008,2013,1.778265224
15020008,2014,0.117000629
15020008,2015,0
15020008,2016,0.349857481
15020008,2017,6.345195824
15020008,2018,0
15020008,2019,0
15020008,2020,0
15020009,1991,32.9662928
15020009,1992,17.85516199
15020009,1993,27.48003922
15020009,1994,14.85452656
15020009,1995,16.95385761
15020009,1996,0.467577651
15020009,1997,19.90536289
15020009,1998,18.48530133
15020009,1999,0
15020009,2000,6.450635616
15020009,2001,0.071066239
15020009,2002,11.47309879
15020009,2003,0
15020009,2004,0
15020009,2005,14.59413376
15020009,2006,8.698958817
15020009,2007,45.82469038
15020009,2008,0
15020009,2009,0
15020009,2010,21.84114651
15020009,2011,13.80752476
15020009,2012,0
15020009,2013,0
15020009,2014,0
15020009,2015,0
15020009,2016,5.8081102
15020009,2017,11.87773357
15020009,2018,0
15020009,2019,0
15020009,2020,14.95828714
15020010,1991,23.22633661
15020010,1992,24.59989676
15020010,1993,33.17679328
15020010,1994,14.51408389
15020010,1995,19.14985606
15020010,1996,9.751963748
15020010,1997,27.73140586
15020010,1998,0
15020010,1999,0
15020010,2000,10.54240226
15020010,2001,2.224176091
15020010,2002,0
15020010,2003,0
15020010,2004,8.428970373
15020010,2005,21.35341413
15020010,2006,0
15020010,2007,36.87018129
15020010,2008,13.51302587
15020010,2009,0
15020010,2010,24.05511846
15020010,2011,3.983416359
15020010,2012,0
15020010,2013,7.208947485
15020010,2014,7.381684745
15020010,2015,0
15020010,2016,1.238485834
15020010,2017,13.59512348
15020010,2018,0
15020010,2019,7.795424221
15020010,2020,0
15020011,1991,25.22572296
15020011,1992,0
15020011,1993,13.41402515
15020011,1994,7.280711408
15020011,1995,15.38481776
15020011,1996,0
15020011,1997,9.657142755
15020011,1998,14.53839801
15020011,1999,0
15020011,2000,3.102044809
15020011,2001,0
15020011,2002,0
15020011,2003,0
15020011,2004,0
15020011,2005,7.439438145
15020011,2006,3.542053498
15020011,2007,43.45128955
15020011,2008,0
15020011,2009,0
15020011,2010,6.824759919
15020011,2011,7.800331639
15020011,2012,0
15020011,2013,0
15020011,2014,0
15020011,2015,0
15020011,2016,0
15020011,2017,9.600381453
15020011,2018,0
15020011,2019,0
15020011,2020,9.124399326
15020012,1991,19.68604832
15020012,1992,0
15020012,1993,10.68065315
15020012,1994,0
15020012,1995,3.122468278
15020012,1996,0
15020012,1997,12.11380624
15020012,1998,8.222715532
15020012,1999,0
15020012,2000,0
15020012,2001,0
15020012,2002,0
15020012,2003,0
15020012,2004,0
15020012,2005,12.33028036
15020012,2006,14.03752696
15020012,2007,22.68622642
15020012,2008,0
15020012,2009,0
15020012,2010,3.000481072
15020012,2011,1.485084467
15020012,2012,0
15020012,2013,0
15020012,2014,0
15020012,2015,4.784002055
15020012,2016,9.482450534
15020012,2017,16.6551525
15020012,2018,0
15020012,2019,3.110515396
15020012,2020,0
15020013,1991,6.101311781
15020013,1992,0
15020013,1993,0
15020013,1994,0
15020013,1995,0
15020013,1996,0
15020013,1997,3.529929575
15020013,1998,0.56024121
15020013,1999,0
15020013,2000,0
15020013,2001,0
15020013,2002,0
15020013,2003,0
15020013,2004,0
15020013,2005,0.332098511
15020013,2006,5.098967995
15020013,2007,14.18869118
15020013,2008,0
15020013,2009,0
15020013,2010,0
15020013,2011,0
15020013,2012,0
15020013,2013,0
15020013,2014,0
15020013,2015,0
15020013,2016,0
15020013,2017,4.058607244
15020013,2018,0
15020013,2019,0
15020013,2020,0
15020014,1991,3.391688275
15020014,1992,0
15020014,1993,0
15020014,1994,0
15020014,1995,3.242950605
15020014,1996,0
15020014,1997,0.885044804
15020014,1998,2.755587297
15020014,1999,0
15020014,2000,0
15020014,2001,0
15020014,2002,0
15020014,2003,0
15020014,2004,0
15020014,2005,2.163645848
15020014,2006,0
15020014,2007,27.01651303
15020014,2008,0
15020014,2009,0
15020014,2010,0
15020014,2011,0
15020014,2012,0
15020014,2013,0
15020014,2014,0
15020014,2015,0
15020014,2016,0
15020014,2017,9.340991505
15020014,2018,0
15020014,2019,0
15020014,2020,0
15020015,1991,42.83253675
15020015,1992,72.77060881
15020015,1993,99.82354721
15020015,1994,30.96099556
15020015,1995,41.90812295
15020015,1996,7.48888206
15020015,1997,51.52378702
15020015,1998,55.06318163
15020015,1999,16.0773414
15020015,2000,40.66468784
15020015,2001,27.35340075
15020015,2002,12.17806276
15020015,2003,25.88590648
15020015,2004,37.90996781
15020015,2005,78.85713434
15020015,2006,11.78375094
15020015,2007,57.5063749
15020015,2008,38.01006144
15020015,2009,5.812407606
15020015,2010,65.62952056
15020015,2011,31.20110071
15020015,2012,12.15747757
15020015,2013,38.94745561
15020015,2014,28.18903006
15020015,2015,18.40299416
15020015,2016,33.86118821
15020015,2017,31.62237362
15020015,2018,29.16910119
15020015,2019,37.63401137
15020015,2020,0
15020016,1991,0
15020016,1992,19.00000182
15020016,1993,18.42444881
15020016,1994,0.524492922
15020016,1995,0.375345648
15020016,1996,0
15020016,1997,14.62365329
15020016,1998,13.54815162
15020016,1999,8.306030678
15020016,2000,11.00516782
15020016,2001,7.081963329
15020016,2002,0
15020016,2003,0
15020016,2004,1.915939235
15020016,2005,12.2377615
15020016,2006,12.5227329
15020016,2007,6.054763229
15020016,2008,4.260699087
15020016,2009,0.689589477
15020016,2010,6.155326605
15020016,2011,8.00213247
15020016,2012,2.176269318
15020016,2013,16.6531726
15020016,2014,0
15020016,2015,20.85182366
15020016,2016,29.51120783
15020016,2017,31.81821442
15020016,2018,10.64916246
15020016,2019,14.5858201
15020016,2020,0
15020017,1991,2.58017802
15020017,1992,0
15020017,1993,5.68729359
15020017,1994,0
15020017,1995,0.176203516
15020017,1996,0
15020017,1997,9.610330006
15020017,1998,6.390590667
15020017,1999,0
15020017,2000,2.873080685
15020017,2001,0
15020017,2002,0
15020017,2003,0
15020017,2004,0
15020017,2005,6.061977702
15020017,2006,14.92428367
15020017,2007,13.6161413
15020017,2008,0
15020017,2009,0
15020017,2010,2.017415624
15020017,2011,6.532479571
15020017,2012,0
15020017,2013,1.029288484
15020017,2014,0
15020017,2015,8.088090759
15020017,2016,8.999879315
15020017,2017,22.72609797
15020017,2018,0
15020017,2019,4.937668175
15020017,2020,0
15020018,1991,0
15020018,1992,6.860739064
15020018,1993,20.77475099
15020018,1994,0
15020018,1995,0
15020018,1996,0
15020018,1997,14.11672543
15020018,1998,4.601601786
15020018,1999,0
15020018,2000,0.915369258
15020018,2001,0
15020018,2002,0
15020018,2003,0
15020018,2004,0
15020018,2005,18.83887901
15020018,2006,32.59642058
15020018,2007,16.49741718
15020018,2008,0
15020018,2009,0
15020018,2010,0
15020018,2011,5.381203705
15020018,2012,0
15020018,2013,10.88943893
15020018,2014,0
15020018,2015,12.23366585
15020018,2016,19.97540771
15020018,2017,32.77734164
15020018,2018,0
15020018,2019,2.543707013
15020018,2020,0
15030101,1991,0.86145176
15030101,1992,9.240168857
15030101,1993,23.73841529
15030101,1994,0
15030101,1995,4.065365406
15030101,1996,0
15030101,1997,0
15030101,1998,27.03887747
15030101,1999,0
15030101,2000,0
15030101,2001,12.88431905
15030101,2002,0
15030101,2003,10.27239522
15030101,2004,8.570090182
15030101,2005,50.40363938
15030101,2006,14.00205951
15030101,2007,0
15030101,2008,19.99226446
15030101,2009,0
15030101,2010,28.03695956
15030101,2011,8.368426085
15030101,2012,0
15030101,2013,8.782370654
15030101,2014,2.881253673
15030101,2015,0
15030101,2016,11.12876067
15030101,2017,0
15030101,2018,0
15030101,2019,0
15030101,2020,0.281781525
15030103,1991,0
15030103,1992,0
15030103,1993,28.32247397
15030103,1994,0
15030103,1995,0
15030103,1996,0
15030103,1997,0
15030103,1998,24.07341285
15030103,1999,1.609309984
15030103,2000,0
15030103,2001,8.343143833
15030103,2002,2.333994778
15030103,2003,9.386766892
15030103,2004,6.512567293
15030103,2005,30.08050808
15030103,2006,23.86923641
15030103,2007,0
15030103,2008,12.8804949
15030103,2009,0
15030103,2010,19.64493858
15030103,2011,14.7544744
15030103,2012,0
15030103,2013,5.214324142
15030103,2014,20.34742063
15030103,2015,0
15030103,2016,17.14445972
15030103,2017,1.995232423
15030103,2018,0
15030103,2019,0
15030103,2020,0
15030104,1991,0
15030104,1992,0
15030104,1993,21.19696758
15030104,1994,0
15030104,1995,6.958073625
15030104,1996,0
15030104,1997,3.993480941
15030104,1998,19.92593239
15030104,1999,2.331163324
15030104,2000,0
15030104,2001,16.95906082
15030104,2002,0
15030104,2003,13.20365953
15030104,2004,22.48765986
15030104,2005,46.21992794
15030104,2006,24.69526559
15030104,2007,0
15030104,2008,52.81674069
15030104,2009,0
15030104,2010,40.02695579
15030104,2011,25.9302552
15030104,2012,0
15030104,2013,29.90353593
15030104,2014,18.79612861
15030104,2015,0
15030104,2016,0
15030104,2017,3.593317217
15030104,2018,0
15030104,2019,0
15030104,2020,10.51593232
15030105,1991,0
15030105,1992,0
15030105,1993,26.57859603
15030105,1994,0
15030105,1995,5.129265566
15030105,1996,0
15030105,1997,0
15030105,1998,17.92886275
15030105,1999,0.803794968
15030105,2000,0
15030105,2001,5.943068104
15030105,2002,0
15030105,2003,25.66173941
15030105,2004,14.17211888
15030105,2005,36.84378085
15030105,2006,9.866487463
15030105,2007,0
15030105,2008,42.79534404
15030105,2009,0
15030105,2010,26.24941771
15030105,2011,0
15030105,2012,0
15030105,2013,17.62776861
15030105,2014,7.985536671
15030105,2015,0
15030105,2016,0
15030105,2017,9.135571239
15030105,2018,0
15030105,2019,0
15030105,2020,0
15030106,1991,0
15030106,1992,0
15030106,1993,13.56769199
15030106,1994,0
15030106,1995,6.721570524
15030106,1996,0
15030106,1997,2.807187282
15030106,1998,9.948999319
15030106,1999,0
15030106,2000,0
15030106,2001,0
15030106,2002,0
15030106,2003,8.380259857
15030106,2004,16.70358463
15030106,2005,66.71663961
15030106,2006,33.56659943
15030106,2007,0
15030106,2008,58.55845276
15030106,2009,0
15030106,2010,49.33573332
15030106,2011,4.653203296
15030106,2012,0
15030106,2013,27.80730861
15030106,2014,9.938623501
15030106,2015,0
15030106,2016,1.717734181
15030106,2017,7.592993387
15030106,2018,0
15030106,2019,0
15030106,2020,4.454032132
15030107,1991,0
15030107,1992,0
15030107,1993,10.7694572
15030107,1994,0
15030107,1995,0
15030107,1996,0
15030107,1997,29.813546
15030107,1998,0
15030107,1999,6.124372425
15030107,2000,0
15030107,2001,20.57543881
15030107,2002,0
15030107,2003,0
15030107,2004,0
15030107,2005,0
15030107,2006,5.169403476
15030107,2007,0
15030107,2008,30.60156784
15030107,2009,0
15030107,2010,24.13063254
15030107,2011,0
15030107,2012,2.538079217
15030107,2013,14.51859648
15030107,2014,0
15030107,2015,0
15030107,2016,0
15030107,2017,1.126199104
15030107,2018,2.348450193
15030107,2019,0
15030107,2020,9.565888789
15030108,1991,0
15030108,1992,0
15030108,1993,14.4141682
15030108,1994,0
15030108,1995,0
15030108,1996,0
15030108,1997,45.29686336
15030108,1998,0
15030108,1999,11.09480632
15030108,2000,0
15030108,2001,19.46017172
15030108,2002,0
15030108,2003,0.64979545
15030108,2004,0
15030108,2005,0
15030108,2006,5.835028643
15030108,2007,1.535502317
15030108,2008,37.43030257
15030108,2009,0
15030108,2010,22.07816229
15030108,2011,0
15030108,2012,6.904965028
15030108,2013,26.63601209
15030108,2014,0
15030108,2015,0
15030108,2016,0
15030108,2017,0
15030108,2018,2.958168422
15030108,2019,0
15030108,2020,13.4997237
15030201,1991,0.113221147
15030201,1992,3.63715009
15030201,1993,31.51601761
15030201,1994,0
15030201,1995,0
15030201,1996,0
15030201,1997,0.154130807
15030201,1998,17.91232867
15030201,1999,1.342696598
15030201,2000,11.43089536
15030201,2001,13.71218609
15030201,2002,0
15030201,2003,10.37579521
15030201,2004,2.537212087
15030201,2005,18.36246694
15030201,2006,29.10898701
15030201,2007,0
15030201,2008,5.236384531
15030201,2009,0
15030201,2010,13.07185767
15030201,2011,7.892579004
15030201,2012,0
15030201,2013,0.558427596
15030201,2014,22.20600149
15030201,2015,0
15030201,2016,12.23291545
15030201,2017,6.359239443
15030201,2018,0
15030201,2019,5.470772267
15030201,2020,0
15030202,1991,12.86276074
15030202,1992,23.40069643
15030202,1993,50.0592988
15030202,1994,1.887739533
15030202,1995,23.66438548
15030202,1996,0
15030202,1997,15.95074035
15030202,1998,23.66014859
15030202,1999,7.074587616
15030202,2000,27.87464779
15030202,2001,31.97578274
15030202,2002,0
15030202,2003,15.96129619
15030202,2004,17.66173659
15030202,2005,16.35755799
15030202,2006,29.2918923
15030202,2007,0
15030202,2008,16.17256487
15030202,2009,0.820288825
15030202,2010,19.59310723
15030202,2011,2.958077429
15030202,2012,0
15030202,2013,4.103458184
15030202,2014,18.40099218
15030202,2015,0
15030202,2016,15.31492498
15030202,2017,17.08876296
15030202,2018,0
15030202,2019,25.06777236
15030202,2020,0
15030203,1991,0
15030203,1992,9.556439146
15030203,1993,54.13524173
15030203,1994,0
15030203,1995,13.27881682
15030203,1996,0
15030203,1997,12.93238867
15030203,1998,18.48361157
15030203,1999,4.426073833
15030203,2000,18.06900937
15030203,2001,12.00274633
15030203,2002,0
15030203,2003,8.817662554
15030203,2004,3.449456549
15030203,2005,12.55714383
15030203,2006,0.436360557
15030203,2007,0
15030203,2008,11.37989115
15030203,2009,0
15030203,2010,18.06404907
15030203,2011,0
15030203,2012,0
15030203,2013,0
15030203,2014,6.558946123
15030203,2015,0
15030203,2016,13.88775308
15030203,2017,19.15675414
15030203,2018,0
15030203,2019,5.139948677
15030203,2020,0
15030204,1991,0
15030204,1992,0
15030204,1993,38.97218476
15030204,1994,0
15030204,1995,8.183372018
15030204,1996,0
15030204,1997,0
15030204,1998,34.95736471
15030204,1999,1.466163781
15030204,2000,39.54021584
15030204,2001,14.42705912
15030204,2002,0
15030204,2003,50.79021479
15030204,2004,16.34510961
15030204,2005,26.08055974
15030204,2006,7.991361268
15030204,2007,0
15030204,2008,35.67753282
15030204,2009,0
15030204,2010,19.2004569
15030204,2011,0
15030204,2012,0
15030204,2013,0
15030204,2014,21.80670011
15030204,2015,0
15030204,2016,4.25423174
15030204,2017,1.044652405
15030204,2018,0
15030204,2019,0
15030204,2020,0
15040002,1991,8.558482228
15040002,1992,0
15040002,1993,9.86406242
15040002,1994,0
15040002,1995,0
15040002,1996,0
15040002,1997,11.86628715
15040002,1998,3.784185625
15040002,1999,0
15040002,2000,0
15040002,2001,0.218749827
15040002,2002,15.42702427
15040002,2003,0
15040002,2004,0.236654655
15040002,2005,22.6988823
15040002,2006,0
15040002,2007,4.300921664
15040002,2008,0
15040002,2009,0
15040002,2010,19.2715282
15040002,2011,0
15040002,2012,0
15040002,2013,0
15040002,2014,0
15040002,2015,0
15040002,2016,0
15040002,2017,0
15040002,2018,0
15040002,2019,0
15040002,2020,0
15040003,1991,29.26537137
15040003,1992,0
15040003,1993,0
15040003,1994,0
15040003,1995,0
15040003,1996,0
15040003,1997,0
15040003,1998,0
15040003,1999,0
15040003,2000,0
15040003,2001,0
15040003,2002,0
15040003,2003,0
15040003,2004,0
15040003,2005,0
15040003,2006,0
15040003,2007,0
15040003,2008,0
15040003,2009,0
15040003,2010,0
15040003,2011,0
15040003,2012,0
15040003,2013,0
15040003,2014,0
15040003,2015,0
15040003,2016,0
15040003,2017,0
15040003,2018,0
15040003,2019,0
15040003,2020,0
15040004,1991,50.00932375
15040004,1992,59.24130147
15040004,1993,47.58862702
15040004,1994,44.45629935
15040004,1995,7.708787151
15040004,1996,23.3498173
15040004,1997,43.94334481
15040004,1998,34.0087409
15040004,1999,22.18827659
15040004,2000,23.37434427
15040004,2001,25.63590774
15040004,2002,14.39689398
15040004,2003,49.26772619
15040004,2004,42.34684841
15040004,2005,66.01231353
15040004,2006,38.47275298
15040004,2007,55.10508561
15040004,2008,40.03262489
15040004,2009,7.018701712
15040004,2010,46.16242926
15040004,2011,15.87182108
15040004,2012,0
15040004,2013,48.51985103
15040004,2014,0
15040004,2015,0
15040004,2016,8.696546644
15040004,2017,0
15040004,2018,0
15040004,2019,0
15040004,2020,7.821439443
15040005,1991,0
15040005,1992,0
15040005,1993,32.34326715
15040005,1994,4.105260168
15040005,1995,0
15040005,1996,0
15040005,1997,0.125374525
15040005,1998,0
15040005,1999,0
15040005,2000,0
15040005,2001,0.729138319
15040005,2002,0.084860643
15040005,2003,0
15040005,2004,0
15040005,2005,6.9759766
15040005,2006,0
15040005,2007,0
15040005,2008,1.77775622
15040005,2009,0
15040005,2010,17.00711256
15040005,2011,0
15040005,2012,0
15040005,2013,0
15040005,2014,0
15040005,2015,0
15040005,2016,0
15040005,2017,0
15040005,2018,0
15040005,2019,0
15040005,2020,0
15040006,1991,22.40142141
15040006,1992,0
15040006,1993,26.75108291
15040006,1994,0
15040006,1995,0
15040006,1996,0
15040006,1997,21.23387112
15040006,1998,1.075497652
15040006,1999,0
15040006,2000,16.70839973
15040006,2001,2.854875476
15040006,2002,0.477164349
15040006,2003,0
15040006,2004,0
15040006,2005,13.46729018
15040006,2006,0
15040006,2007,5.968060607
15040006,2008,0
15040006,2009,0
15040006,2010,13.49657842
15040006,2011,0
15040006,2012,0
15040006,2013,0
15040006,2014,12.43842786
15040006,2015,0
15040006,2016,0
15040006,2017,0
15040006,2018,0
15040006,2019,0
15040006,2020,0
15040007,1991,0
15040007,1992,1.942599345
15040007,1993,31.71489081
15040007,1994,8.332308444
15040007,1995,0
15040007,1996,0
15040007,1997,0
15040007,1998,0
15040007,1999,0
15040007,2000,0
15040007,2001,0
15040007,2002,0
15040007,2003,0
15040007,2004,0
15040007,2005,10.2302022
15040007,2006,0
15040007,2007,0
15040007,2008,5.998984513
15040007,2009,0
15040007,2010,4.807014656
15040007,2011,0
15040007,2012,0
15040007,2013,0
15040007,2014,0
15040007,2015,0
15040007,2016,0
15040007,2017,0
15040007,2018,0
15040007,2019,0
15040007,2020,0
15050100,1991,0
15050100,1992,38.31368654
15050100,1993,58.62139645
15050100,1994,0
15050100,1995,0
15050100,1996,0
15050100,1997,6.287715335
15050100,1998,14.45601698
15050100,1999,0
15050100,2000,0
15050100,2001,7.752400575
15050100,2002,0
15050100,2003,0
15050100,2004,0
15050100,2005,23.42933204
15050100,2006,0
15050100,2007,0
15050100,2008,0.049494938
15050100,2009,0
15050100,2010,32.08036022
15050100,2011,0
15050100,2012,0.452366921
15050100,2013,0
15050100,2014,3.828552078
15050100,2015,0
15050100,2016,0
15050100,2017,0.31031964
15050100,2018,0
15050100,2019,0
15050100,2020,0
15050201,1991,7.921932982
15050201,1992,3.293825337
15050201,1993,50.20457743
15050201,1994,3.182701257
15050201,1995,7.095826398
15050201,1996,0
15050201,1997,18.23336821
15050201,1998,15.45090235
15050201,1999,0
15050201,2000,16.16659937
15050201,2001,17.00937739
15050201,2002,0
15050201,2003,0
15050201,2004,0
15050201,2005,5.991008898
15050201,2006,0
15050201,2007,0
15050201,2008,0
15050201,2009,0
15050201,2010,0
15050201,2011,0
15050201,2012,0
15050201,2013,0
15050201,2014,6.456084693
15050201,2015,0
15050201,2016,0
15050201,2017,0
15050201,2018,0
15050201,2019,0
15050201,2020,0
15050202,1991,0
15050202,1992,0
15050202,1993,24.5717648
15050202,1994,4.631359816
15050202,1995,0
15050202,1996,0
15050202,1997,0.663096277
15050202,1998,0.080423264
15050202,1999,0
15050202,2000,21.82553031
15050202,2001,11.41115504
15050202,2002,0
15050202,2003,0
15050202,2004,0
15050202,2005,0
15050202,2006,0
15050202,2007,0
15050202,2008,0
15050202,2009,0
15050202,2010,3.279165121
15050202,2011,0
15050202,2012,0
15050202,2013,0
15050202,2014,17.27028368
15050202,2015,0
15050202,2016,0
15050202,2017,0
15050202,2018,0
15050202,2019,0
15050202,2020,0
15050203,1991,0
15050203,1992,0.369649098
15050203,1993,52.88373403
15050203,1994,3.774773342
15050203,1995,0
15050203,1996,0
15050203,1997,4.708149937
15050203,1998,22.57806276
15050203,1999,0
15050203,2000,2.555130669
15050203,2001,3.729127964
15050203,2002,0
15050203,2003,0
15050203,2004,0
15050203,2005,0
15050203,2006,0
15050203,2007,0
15050203,2008,0
15050203,2009,0
15050203,2010,0
15050203,2011,0
15050203,2012,0
15050203,2013,0
15050203,2014,0
15050203,2015,0
15050203,2016,0
15050203,2017,0
15050203,2018,0
15050203,2019,0
15050203,2020,0
15050301,1991,0
15050301,1992,0
15050301,1993,36.86598799
15050301,1994,12.45609153
15050301,1995,0
15050301,1996,0
15050301,1997,12.49773322
15050301,1998,12.81647195
15050301,1999,0
15050301,2000,14.91351625
15050301,2001,20.18761372
15050301,2002,0
15050301,2003,0
15050301,2004,0
15050301,2005,0
15050301,2006,0
15050301,2007,0.064304106
15050301,2008,0
15050301,2009,0
15050301,2010,2.528380306
15050301,2011,0
15050301,2012,0
15050301,2013,0
15050301,2014,0
15050301,2015,0
15050301,2016,0
15050301,2017,0
15050301,2018,0
15050301,2019,0
15050301,2020,0
15050302,1991,0
15050302,1992,0
15050302,1993,32.2337349
15050302,1994,11.36291417
15050302,1995,0
15050302,1996,0
15050302,1997,9.489948969
15050302,1998,19.87373317
15050302,1999,0
15050302,2000,14.80177154
15050302,2001,11.44916614
15050302,2002,2.079287114
15050302,2003,0
15050302,2004,0
15050302,2005,0
15050302,2006,0
15050302,2007,0
15050302,2008,0
15050302,2009,0
15050302,2010,3.40916739
15050302,2011,0
15050302,2012,0
15050302,2013,0
15050302,2014,0
15050302,2015,0
15050302,2016,0
15050302,2017,0
15050302,2018,0
15050302,2019,0
15050302,2020,0
15050303,1991,0
15050303,1992,2.504667702
15050303,1993,19.87998319
15050303,1994,0
15050303,1995,0
15050303,1996,0
15050303,1997,8.930829443
15050303,1998,3.634450928
15050303,1999,0
15050303,2000,0
15050303,2001,5.822207013
15050303,2002,0
15050303,2003,0
15050303,2004,0
15050303,2005,12.03857333
15050303,2006,5.844982363
15050303,2007,0
15050303,2008,0
15050303,2009,0
15050303,2010,8.847463285
15050303,2011,0
15050303,2012,0
15050303,2013,0
15050303,2014,0.668022217
15050303,2015,0
15050303,2016,0
15050303,2017,0.003556232
15050303,2018,0.39895072
15050303,2019,0
15050303,2020,0
15050304,1991,0
15050304,1992,0
15050304,1993,42.25168292
15050304,1994,6.92103618
15050304,1995,0
15050304,1996,5.972081272
15050304,1997,9.074198833
15050304,1998,11.18386671
15050304,1999,0
15050304,2000,6.112056844
15050304,2001,2.078920832
15050304,2002,1.714819567
15050304,2003,0
15050304,2004,0
15050304,2005,11.41733061
15050304,2006,0
15050304,2007,9.504243873
15050304,2008,0
15050304,2009,0
15050304,2010,0
15050304,2011,0
15050304,2012,0
15050304,2013,0
15050304,2014,0
15050304,2015,0
15050304,2016,0
15050304,2017,0
15050304,2018,0
15050304,2019,0
15050304,2020,0
15050305,1991,0
15050305,1992,0
15050305,1993,27.85722398
15050305,1994,0
15050305,1995,0
15050305,1996,0
15050305,1997,5.858743996
15050305,1998,3.269780529
15050305,1999,0
15050305,2000,0.223425358
15050305,2001,0
15050305,2002,0
15050305,2003,0
15050305,2004,0
15050305,2005,20.99728865
15050305,2006,0
15050305,2007,3.823531268
15050305,2008,0
15050305,2009,0
15050305,2010,3.058871269
15050305,2011,0
15050305,2012,0
15050305,2013,0
15050305,2014,0
15050305,2015,0
15050305,2016,0
15050305,2017,0
15050305,2018,0.677332717
15050305,2019,0
15050305,2020,0
15050306,1991,0
15050306,1992,0.835440035
15050306,1993,34.50532849
15050306,1994,0
15050306,1995,0
15050306,1996,0
15050306,1997,6.137438811
15050306,1998,9.438713805
15050306,1999,0
15050306,2000,0
15050306,2001,1.463254917
15050306,2002,0
15050306,2003,0
15050306,2004,0
15050306,2005,23.09282439
15050306,2006,2.279706093
15050306,2007,6.784091008
15050306,2008,3.035554617
15050306,2009,0
15050306,2010,8.672372031
15050306,2011,0
15050306,2012,0.927788156
15050306,2013,0
15050306,2014,0
15050306,2015,0
15050306,2016,0
15050306,2017,0
15050306,2018,12.03952262
15050306,2019,0
15050306,2020,0
15060101,1991,87.14173445
15060101,1992,79.64512772
15060101,1993,112.8988808
15060101,1994,90.39657734
15060101,1995,51.74470217
15060101,1996,26.30744115
15060101,1997,49.0922653
15060101,1998,9.469703419
15060101,1999,21.48260497
15060101,2000,50.06954774
15060101,2001,19.30191233
15060101,2002,39.95242592
15060101,2003,55.1267876
15060101,2004,24.95128653
15060101,2005,86.79566975
15060101,2006,32.54018683
15060101,2007,62.39010006
15060101,2008,70.50913707
15060101,2009,23.40326295
15060101,2010,70.48298602
15060101,2011,10.4309595
15060101,2012,0
15060101,2013,36.47251613
15060101,2014,10.51344658
15060101,2015,0
15060101,2016,2.889825322
15060101,2017,0
15060101,2018,0
15060101,2019,37.06452339
15060101,2020,17.63312158
15060102,1991,207.5053497
15060102,1992,149.7535768
15060102,1993,199.0720418
15060102,1994,153.1082936
15060102,1995,150.0022326
15060102,1996,71.17720856
15060102,1997,107.68976
15060102,1998,73.66683571
15060102,1999,60.34595579
15060102,2000,111.762812
15060102,2001,73.2523297
15060102,2002,59.63698879
15060102,2003,104.7688988
15060102,2004,86.37960684
15060102,2005,190.3654065
15060102,2006,92.25967951
15060102,2007,146.7246346
15060102,2008,146.880551
15060102,2009,55.415087
15060102,2010,157.1378483
15060102,2011,57.03275274
15060102,2012,38.68801195
15060102,2013,90.41073971
15060102,2014,56.2525102
15060102,2015,14.93149352
15060102,2016,45.67878841
15060102,2017,43.45508806
15060102,2018,36.53307615
15060102,2019,94.78054991
15060102,2020,50.63988903
15060103,1991,25.03339804
15060103,1992,58.00989301
15060103,1993,97.10028279
15060103,1994,54.17289927
15060103,1995,23.87342309
15060103,1996,13.92478912
15060103,1997,43.30367998
15060103,1998,19.22327931
15060103,1999,0
15060103,2000,9.425174184
15060103,2001,2.604700715
15060103,2002,0
15060103,2003,14.42673597
15060103,2004,0
15060103,2005,54.50956131
15060103,2006,0
15060103,2007,30.31076273
15060103,2008,44.85824677
15060103,2009,0
15060103,2010,55.04932879
15060103,2011,0
15060103,2012,0
15060103,2013,0
15060103,2014,6.066725792
15060103,2015,0
15060103,2016,0
15060103,2017,5.358236711
15060103,2018,0
15060103,2019,0.078307454
15060103,2020,0
15060104,1991,20.66219559
15060104,1992,14.57952189
15060104,1993,58.48235817
15060104,1994,28.39834011
15060104,1995,26.37101854
15060104,1996,1.702456299
15060104,1997,34.02671097
15060104,1998,0
15060104,1999,0
15060104,2000,12.61591956
15060104,2001,0
15060104,2002,0
15060104,2003,14.24521619
15060104,2004,0
15060104,2005,43.43519793
15060104,2006,0
15060104,2007,41.87552031
15060104,2008,26.69560149
15060104,2009,0
15060104,2010,50.19149023
15060104,2011,0
15060104,2012,0
15060104,2013,6.740179907
15060104,2014,18.63755144
15060104,2015,0
15060104,2016,0
15060104,2017,0.401365377
15060104,2018,0
15060104,2019,2.106759996
15060104,2020,0
15060105,1991,25.88930854
15060105,1992,57.63263777
15060105,1993,119.6754244
15060105,1994,35.46736472
15060105,1995,31.61126791
15060105,1996,16.37057494
15060105,1997,37.15097078
15060105,1998,16.16565047
15060105,1999,19.42766542
15060105,2000,15.34376582
15060105,2001,13.78910416
15060105,2002,2.237579175
15060105,2003,18.74776572
15060105,2004,9.533864135
15060105,2005,57.79360995
15060105,2006,0
15060105,2007,31.19094291
15060105,2008,36.62257515
15060105,2009,0
15060105,2010,66.29721459
15060105,2011,0
15060105,2012,0
15060105,2013,12.49710712
15060105,2014,7.160215777
15060105,2015,0
15060105,2016,0
15060105,2017,36.31367926
15060105,2018,0
15060105,2019,18.66358892
15060105,2020,0
15060106,1991,0
15060106,1992,45.47830388
15060106,1993,64.68584069
15060106,1994,0
15060106,1995,0
15060106,1996,0
15060106,1997,4.967134333
15060106,1998,9.728567198
15060106,1999,0
15060106,2000,0
15060106,2001,0
15060106,2002,0
15060106,2003,0
15060106,2004,0
15060106,2005,22.38385804
15060106,2006,0
15060106,2007,0
15060106,2008,6.289440922
15060106,2009,0
15060106,2010,33.8947639
15060106,2011,0
15060106,2012,0
15060106,2013,0
15060106,2014,23.55645037
15060106,2015,0
15060106,2016,0
15060106,2017,7.850441987
15060106,2018,0
15060106,2019,0
15060106,2020,0
15060201,1991,8.623653174
15060201,1992,21.32977634
15060201,1993,33.35067795
15060201,1994,2.365379209
15060201,1995,3.17882158
15060201,1996,0
15060201,1997,4.284498989
15060201,1998,12.0746555
15060201,1999,11.35145303
15060201,2000,19.7782822
15060201,2001,22.24336503
15060201,2002,9.038520572
15060201,2003,6.302243084
15060201,2004,4.203046841
15060201,2005,23.38955224
15060201,2006,7.359514763
15060201,2007,0
15060201,2008,6.420606056
15060201,2009,0
15060201,2010,19.95194263
15060201,2011,11.33985907
15060201,2012,0
15060201,2013,1.467287955
15060201,2014,10.12298014
15060201,2015,0
15060201,2016,28.76159016
15060201,2017,27.02676536
15060201,2018,0
15060201,2019,6.568324835
15060201,2020,0
15060202,1991,16.86351952
15060202,1992,62.04430201
15060202,1993,63.75833868
15060202,1994,6.410201624
15060202,1995,27.99574415
15060202,1996,0
15060202,1997,38.54176444
15060202,1998,39.47296235
15060202,1999,2.930047986
15060202,2000,34.29466009
15060202,2001,20.77637371
15060202,2002,10.36832137
15060202,2003,0
15060202,2004,8.51193136
15060202,2005,49.7387638
15060202,2006,0
15060202,2007,6.979151316
15060202,2008,20.22979111
15060202,2009,0
15060202,2010,57.13262437
15060202,2011,0
15060202,2012,0
15060202,2013,14.20494778
15060202,2014,14.89359609
15060202,2015,0
15060202,2016,42.05606005
15060202,2017,32.07800326
15060202,2018,15.25739351
15060202,2019,20.37691733
15060202,2020,0
15060203,1991,21.50386414
15060203,1992,56.41217872
15060203,1993,100.3328007
15060203,1994,4.182659329
15060203,1995,29.68777607
15060203,1996,0
15060203,1997,32.6135079
15060203,1998,15.38744729
15060203,1999,1.473979655
15060203,2000,13.04153564
15060203,2001,15.83509997
15060203,2002,12.26717561
15060203,2003,8.641056096
15060203,2004,0.671663085
15060203,2005,44.27977718
15060203,2006,0
15060203,2007,9.779122876
15060203,2008,1.167860815
15060203,2009,0
15060203,2010,34.29886483
15060203,2011,0
15060203,2012,0
15060203,2013,0
15060203,2014,0
15060203,2015,0
15060203,2016,0
15060203,2017,30.08553723
15060203,2018,0
15060203,2019,3.895287207
15060203,2020,0
15070101,1991,0
15070101,1992,0
15070101,1993,26.16194808
15070101,1994,0
15070101,1995,0
15070101,1996,0
15070101,1997,3.715227853
15070101,1998,30.95448492
15070101,1999,3.771110779
15070101,2000,0.263531574
15070101,2001,0
15070101,2002,0
15070101,2003,9.48519195
15070101,2004,0
15070101,2005,12.78023824
15070101,2006,0.834144889
15070101,2007,0
15070101,2008,3.443610076
15070101,2009,0
15070101,2010,0
15070101,2011,0
15070101,2012,0
15070101,2013,0
15070101,2014,11.15649774
15070101,2015,0
15070101,2016,0
15070101,2017,1.807236839
15070101,2018,11.78385263
15070101,2019,0
15070101,2020,8.111336419
15070102,1991,0
15070102,1992,9.477158403
15070102,1993,36.74023264
15070102,1994,0
15070102,1995,2.337127212
15070102,1996,0
15070102,1997,2.567723489
15070102,1998,0.286424415
15070102,1999,0
15070102,2000,7.37707298
15070102,2001,0
15070102,2002,0
15070102,2003,7.971866761
15070102,2004,0
15070102,2005,13.48201804
15070102,2006,0
15070102,2007,0
15070102,2008,0
15070102,2009,0
15070102,2010,8.729333287
15070102,2011,0
15070102,2012,0
15070102,2013,0
15070102,2014,2.501083877
15070102,2015,0
15070102,2016,0
15070102,2017,12.7069171
15070102,2018,3.468850869
15070102,2019,0
15070102,2020,0
15070103,1991,0
15070103,1992,3.378567573
15070103,1993,32.23630605
15070103,1994,0
15070103,1995,6.95929509
15070103,1996,0
15070103,1997,7.999915138
15070103,1998,6.72718414
15070103,1999,2.057636917
15070103,2000,18.6880407
15070103,2001,0
15070103,2002,0
15070103,2003,11.92399548
15070103,2004,2.293132894
15070103,2005,11.41599565
15070103,2006,0
15070103,2007,0
15070103,2008,0
15070103,2009,0
15070103,2010,14.41331892
15070103,2011,0
15070103,2012,0
15070103,2013,0
15070103,2014,8.220220208
15070103,2015,0
15070103,2016,0
15070103,2017,15.44924023
15070103,2018,0
15070103,2019,0
15070103,2020,0
15070104,1991,0
15070104,1992,0
15070104,1993,30.80082386
15070104,1994,0
15070104,1995,0
15070104,1996,0
15070104,1997,0
15070104,1998,11.44091306
15070104,1999,3.887880899
15070104,2000,26.27428585
15070104,2001,0
15070104,2002,0
15070104,2003,29.00934187
15070104,2004,0
15070104,2005,25.77340258
15070104,2006,0
15070104,2007,0
15070104,2008,9.3509662
15070104,2009,0
15070104,2010,24.26773995
15070104,2011,0
15070104,2012,0
15070104,2013,1.530771015
15070104,2014,0
15070104,2015,0
15070104,2016,0
15070104,2017,7.887844531
15070104,2018,0
15070104,2019,0
15070104,2020,0
15070201,1991,0
15070201,1992,0
15070201,1993,25.6554081
15070201,1994,0
15070201,1995,0
15070201,1996,0
15070201,1997,0
15070201,1998,0
15070201,1999,0
15070201,2000,0
15070201,2001,3.868693184
15070201,2002,0
15070201,2003,6.185149735
15070201,2004,8.699618345
15070201,2005,18.83360488
15070201,2006,7.906413961
15070201,2007,2.606140648
15070201,2008,35.51982246
15070201,2009,0
15070201,2010,15.33413367
15070201,2011,0
15070201,2012,0
15070201,2013,13.65315696
15070201,2014,0
15070201,2015,0
15070201,2016,0
15070201,2017,0
15070201,2018,3.407605581
15070201,2019,0
15070201,2020,0
15070202,1991,0
15070202,1992,0
15070202,1993,16.70432222
15070202,1994,0
15070202,1995,0
15070202,1996,0
15070202,1997,0
15070202,1998,17.3530263
15070202,1999,2.374934526
15070202,2000,0
15070202,2001,0
15070202,2002,0
15070202,2003,5.626796437
15070202,2004,0
15070202,2005,18.55292888
15070202,2006,7.646095454
15070202,2007,2.747901661
15070202,2008,27.62057184
15070202,2009,0
15070202,2010,0
15070202,2011,0
15070202,2012,9.903338732
15070202,2013,10.59142643
15070202,2014,6.292555138
15070202,2015,0
15070202,2016,0
15070202,2017,0
15070202,2018,25.52741064
15070202,2019,0
15070202,2020,17.92946775
15070203,1991,0
15070203,1992,6.68850527
15070203,1993,19.95897033
15070203,1994,0
15070203,1995,0
15070203,1996,0
15070203,1997,3.861566064
15070203,1998,10.28697199
15070203,1999,6.823011965
15070203,2000,0
15070203,2001,5.403141854
15070203,2002,0
15070203,2003,5.560926035
15070203,2004,9.509949526
15070203,2005,16.07339034
15070203,2006,7.036596076
15070203,2007,13.33803403
15070203,2008,32.99278021
15070203,2009,0
15070203,2010,2.696127441
15070203,2011,0
15070203,2012,21.78190341
15070203,2013,20.85165989
15070203,2014,8.7378167
15070203,2015,0
15070203,2016,0
15070203,2017,0
15070203,2018,18.42539949
15070203,2019,0
15070203,2020,17.57341637
15080101,1991,2.731959975
15080101,1992,8.127427536
15080101,1993,55.88798499
15080101,1994,11.19071163
15080101,1995,0
15080101,1996,6.945686608
15080101,1997,26.10179982
15080101,1998,24.03767997
15080101,1999,0
15080101,2000,11.40700331
15080101,2001,11.8109296
15080101,2002,3.892719082
15080101,2003,0
15080101,2004,17.08494833
15080101,2005,22.56478908
15080101,2006,0
15080101,2007,33.62811639
15080101,2008,14.50215309
15080101,2009,0
15080101,2010,11.23478319
15080101,2011,0
15080101,2012,1.043360059
15080101,2013,0
15080101,2014,0
15080101,2015,0
15080101,2016,0
15080101,2017,0
15080101,2018,15.52193471
15080101,2019,0
15080101,2020,0
15080102,1991,6.146306033
15080102,1992,37.26876264
15080102,1993,41.45687184
15080102,1994,27.70994042
15080102,1995,16.78335958
15080102,1996,7.991553334
15080102,1997,45.71983953
15080102,1998,17.96715069
15080102,1999,28.21761148
15080102,2000,0
15080102,2001,36.23229587
15080102,2002,0
15080102,2003,0
15080102,2004,28.55967285
15080102,2005,36.13658931
15080102,2006,4.281681372
15080102,2007,35.83954658
15080102,2008,60.02211081
15080102,2009,0
15080102,2010,2.714199596
15080102,2011,0
15080102,2012,15.10386822
15080102,2013,57.33327631
15080102,2014,0
15080102,2015,0
15080102,2016,0
15080102,2017,0
15080102,2018,18.09867084
15080102,2019,14.18345538
15080102,2020,23.89792161
15080103,1991,0
15080103,1992,13.590195
15080103,1993,29.67292406
15080103,1994,0
15080103,1995,0.483160314
15080103,1996,0
15080103,1997,8.352745082
15080103,1998,7.801357915
15080103,1999,11.16466371
15080103,2000,0
15080103,2001,9.001050556
15080103,2002,0
15080103,2003,7.428518466
15080103,2004,10.22576202
15080103,2005,17.83502651
15080103,2006,7.861753299
15080103,2007,11.50364394
15080103,2008,31.32913902
15080103,2009,0
15080103,2010,6.590612826
15080103,2011,0
15080103,2012,23.52865782
15080103,2013,20.51880569
15080103,2014,5.205414495
15080103,2015,0
15080103,2016,0
15080103,2017,0.157102725
15080103,2018,17.98321247
15080103,2019,0
15080103,2020,12.29256421
15080200,1991,0
15080200,1992,0
15080200,1993,65.17581747
15080200,1994,51.43800164
15080200,1995,18.20791732
15080200,1996,25.35209337
15080200,1997,32.15520294
15080200,1998,40.18257499
15080200,1999,0
15080200,2000,16.81502878
15080200,2001,29.93059763
15080200,2002,14.23041439
15080200,2003,18.23646194
15080200,2004,7.843106423
15080200,2005,10.01638984
15080200,2006,0
15080200,2007,25.15534434
15080200,2008,11.01846845
15080200,2009,0
15080200,2010,20.71984154
15080200,2011,0
15080200,2012,0
15080200,2013,0
15080200,2014,17.90316423
15080200,2015,0
15080200,2016,0
15080200,2017,0
15080200,2018,0
15080200,2019,0
15080200,2020,1.076839703
15080301,1991,8.187106664
15080301,1992,0
15080301,1993,30.03795285
15080301,1994,4.347243821
15080301,1995,0
15080301,1996,0
15080301,1997,2.746614542
15080301,1998,0
15080301,1999,0
15080301,2000,22.98301139
15080301,2001,0
15080301,2002,0
15080301,2003,0
15080301,2004,0
15080301,2005,1.254804803
15080301,2006,0
15080301,2007,0
15080301,2008,0
15080301,2009,0
15080301,2010,0
15080301,2011,0
15080301,2012,0
15080301,2013,6.90194706
15080301,2014,38.15547479
15080301,2015,0
15080301,2016,0
15080301,2017,0
15080301,2018,0
15080301,2019,0
15080301,2020,0
15080302,1991,22.90357817
15080302,1992,0
15080302,1993,43.95074584
15080302,1994,17.38503764
15080302,1995,10.18474324
15080302,1996,5.723151208
15080302,1997,23.76624345
15080302,1998,18.76762627
15080302,1999,0
15080302,2000,49.52081122
15080302,2001,17.84159663
15080302,2002,1.012306424
15080302,2003,0
15080302,2004,0
15080302,2005,4.443580073
15080302,2006,0
15080302,2007,15.32714423
15080302,2008,0
15080302,2009,0
15080302,2010,5.157252306
15080302,2011,0
15080302,2012,0
15080302,2013,9.82308877
15080302,2014,39.95671919
15080302,2015,0
15080302,2016,0
15080302,2017,0
15080302,2018,17.14380633
15080302,2019,0
15080302,2020,0