,SiteNum,Name,Lat,Long,StartDate,EndDate,NumYears,Years
1,9379200,"CHINLE CREEK NEAR MEXICAN WATER, AZ",36.943891,-109.7106684,10/1/64,6/15/23,58,"1965, 1966, 1967, 1968, 1969, 1970, 1971, 1972, 1973, 1974, 1975, 1976, 1977, 1978, 1979, 1980, 1981, 1982, 1983, 1984, 1985, 1986, 1987, 1988, 1989, 1990, 1991, 1992, 1993, 1994, 1995, 1996, 1997, 1998, 1999, 2000, 2001, 2002, 2003, 2004, 2005, 2006, 2007, 2008, 2009, 2010, 2011, 2012, 2013, 2014, 2015, 2016, 2017, 2018, 2019, 2020, 2021, 2022"
2,9382000,"PARIA RIVER AT LEES FERRY, AZ",36.87220977,-111.5946052,10/1/23,6/14/23,99,"1924, 1925, 1926, 1927, 1928, 1929, 1930, 1931, 1932, 1933, 1934, 1935, 1936, 1937, 1938, 1939, 1940, 1941, 1942, 1943, 1944, 1945, 1946, 1947, 1948, 1949, 1950, 1951, 1952, 1953, 1954, 1955, 1956, 1957, 1958, 1959, 1960, 1961, 1962, 1963, 1964, 1965, 1966, 1967, 1968, 1969, 1970, 1971, 1972, 1973, 1974, 1975, 1976, 1977, 1978, 1979, 1980, 1981, 1982, 1983, 1984, 1985, 1986, 1987, 1988, 1989, 1990, 1991, 1992, 1993, 1994, 1995, 1996, 1997, 1998, 1999, 2000, 2001, 2002, 2003, 2004, 2005, 2006, 2007, 2008, 2009, 2010, 2011, 2012, 2013, 2014, 2015, 2016, 2017, 2018, 2019, 2020, 2021, 2022"
3,9383300,"FILLER DITCH AT GREER, AZ",34.01615875,-109.457868,8/1/60,1/2/21,28,"1961, 1962, 1963, 1964, 1965, 1966, 1967, 1968, 1969, 1970, 1971, 1972, 1973, 1974, 1975, 1976, 2009, 2010, 2011, 2012, 2013, 2014, 2015, 2016, 2017, 2018, 2019, 2020"
4,9383400,"LITTLE COLORADO RIVER AT GREER, AZ",34.0167143,-109.4573125,8/1/60,6/14/23,35,"1961, 1962, 1963, 1964, 1965, 1966, 1967, 1968, 1969, 1970, 1971, 1972, 1973, 1974, 1975, 1976, 1977, 1978, 1979, 1980, 1981, 2009, 2010, 2011, 2012, 2013, 2014, 2015, 2016, 2017, 2018, 2019, 2020, 2021, 2022"
5,9383500,"NUTRIOSO CREEK ABV NELSON RES NR SPRINGERVILLE, AZ",34.03032717,-109.1864707,6/22/67,10/19/13,18,"1968, 1969, 1970, 1971, 1972, 1973, 1974, 1975, 1976, 1977, 1978, 1979, 1980, 1981, 2009, 2010, 2011, 2012"
6,9383550,NUTRIOSO CR BELOW NELSON RES NR SPRINGERVILLE AZ,34.05560438,-109.1923045,7/28/67,9/29/82,14,"1968, 1969, 1970, 1971, 1972, 1973, 1974, 1975, 1976, 1977, 1978, 1979, 1980, 1981"
7,9384000,"LITTLE COLORADO R ABV LYMAN LAKE NR ST. JOHNS, AZ",34.31448635,-109.362315,4/1/40,6/14/23,82,"1941, 1942, 1943, 1944, 1945, 1946, 1947, 1948, 1949, 1950, 1951, 1952, 1953, 1954, 1955, 1956, 1957, 1958, 1959, 1960, 1961, 1962, 1963, 1964, 1965, 1966, 1967, 1968, 1969, 1970, 1971, 1972, 1973, 1974, 1975, 1976, 1977, 1978, 1979, 1980, 1981, 1982, 1983, 1984, 1985, 1986, 1987, 1988, 1989, 1990, 1991, 1992, 1993, 1994, 1995, 1996, 1997, 1998, 1999, 2000, 2001, 2002, 2003, 2004, 2005, 2006, 2007, 2008, 2009, 2010, 2011, 2012, 2013, 2014, 2015, 2016, 2017, 2018, 2019, 2020, 2021, 2022"
8,9385000,"LYMAN CANAL BLW. LYMAN RES. NR. ST. JOHNS, ARIZ.",34.36809558,-109.3825956,5/17/50,11/30/86,28,"1951, 1952, 1953, 1956, 1957, 1958, 1959, 1960, 1961, 1962, 1963, 1964, 1965, 1966, 1967, 1968, 1969, 1970, 1971, 1972, 1973, 1974, 1975, 1976, 1977, 1978, 1979, 1985"
9,9385500,LCR BEL LYMAN RES NR ST JOHNS ARIZ,34.36809558,-109.3828734,4/1/41,12/2/86,36,"1942, 1943, 1944, 1945, 1946, 1949, 1950, 1951, 1952, 1953, 1956, 1957, 1958, 1959, 1960, 1961, 1962, 1963, 1964, 1965, 1966, 1967, 1968, 1969, 1970, 1971, 1972, 1973, 1974, 1975, 1976, 1977, 1978, 1979, 1985, 1986"
10,9385700,"LITTLE COLORADO RIVER BELOW SALADO SPRINGS, AZ",34.4505935,-109.3623199,3/1/85,6/14/23,21,"1986, 2003, 2004, 2005, 2006, 2007, 2008, 2009, 2010, 2011, 2012, 2013, 2014, 2015, 2016, 2017, 2018, 2019, 2020, 2021, 2022"
11,9386030,"LITTLE COLORADO RVR ABV ZION RES. NR ST. JOHNS, AZ",34.5836456,-109.4070467,10/1/75,6/14/23,47,"1976, 1977, 1978, 1979, 1980, 1981, 1982, 1983, 1984, 1985, 1986, 1987, 1988, 1989, 1990, 1991, 1992, 1993, 1994, 1995, 1996, 1997, 1998, 1999, 2000, 2001, 2002, 2003, 2004, 2005, 2006, 2007, 2008, 2009, 2010, 2011, 2012, 2013, 2014, 2015, 2016, 2017, 2018, 2019, 2020, 2021, 2022"
12,9386500,"LITTLE COLORADO R AB ZUNI R NR HUNT, AZ.",34.64170039,-109.6770533,3/1/40,9/29/72,31,"1941, 1942, 1943, 1944, 1945, 1946, 1947, 1948, 1949, 1950, 1951, 1952, 1953, 1954, 1955, 1956, 1957, 1958, 1959, 1960, 1961, 1962, 1963, 1964, 1965, 1966, 1967, 1968, 1969, 1970, 1971"
13,9388000,"LITTLE COLORADO RIVER NR HUNT, AZ",34.64725615,-109.7034425,5/1/29,9/29/72,34,"1930, 1931, 1932, 1941, 1942, 1943, 1944, 1945, 1946, 1947, 1948, 1949, 1950, 1951, 1952, 1953, 1954, 1955, 1956, 1957, 1958, 1959, 1960, 1961, 1962, 1963, 1964, 1965, 1966, 1967, 1968, 1969, 1970, 1971"
14,9390000,SILVER CREEK NEAR SHUMWAY ARIZ,34.37503945,-110.0090008,10/1/44,6/30/55,10,"1945, 1946, 1947, 1948, 1949, 1950, 1951, 1952, 1953, 1954"
15,9390500,"SHOW LOW CREEK NEAR LAKESIDE, AZ",34.17948755,-109.9878858,5/1/53,6/14/23,69,"1954, 1955, 1956, 1957, 1958, 1959, 1960, 1961, 1962, 1963, 1964, 1965, 1966, 1967, 1968, 1969, 1970, 1971, 1972, 1973, 1974, 1975, 1976, 1977, 1978, 1979, 1980, 1981, 1982, 1983, 1984, 1985, 1986, 1987, 1988, 1989, 1990, 1991, 1992, 1993, 1994, 1995, 1996, 1997, 1998, 1999, 2000, 2001, 2002, 2003, 2004, 2005, 2006, 2007, 2008, 2009, 2010, 2011, 2012, 2013, 2014, 2015, 2016, 2017, 2018, 2019, 2020, 2021, 2022"
16,9392000,"SHOW LOW CR BL JAQUES DAM, NR SHOW LOW, AZ",34.19643165,-110.0042754,10/1/55,9/29/05,49,"1956, 1957, 1958, 1959, 1960, 1961, 1962, 1963, 1964, 1965, 1966, 1967, 1968, 1969, 1970, 1971, 1972, 1973, 1974, 1975, 1976, 1977, 1978, 1979, 1980, 1981, 1982, 1983, 1984, 1985, 1986, 1987, 1988, 1989, 1990, 1991, 1992, 1993, 1994, 1995, 1996, 1997, 1998, 1999, 2000, 2001, 2002, 2003, 2004"
17,9394000,SILVER CR NR WOODRUFF ARIZ,34.7333645,-110.0340052,4/20/29,9/29/52,15,"1930, 1931, 1932, 1936, 1937, 1938, 1939, 1940, 1941, 1942, 1943, 1944, 1945, 1946, 1951"
18,9394500,"LITTLE COLORADO RIVER AT WOODRUFF, AZ",34.7828076,-110.0442837,3/16/05,6/14/23,91,"1906, 1919, 1930, 1931, 1932, 1936, 1937, 1938, 1939, 1940, 1941, 1942, 1943, 1944, 1945, 1946, 1947, 1948, 1949, 1950, 1951, 1952, 1953, 1954, 1955, 1956, 1957, 1958, 1959, 1960, 1961, 1962, 1963, 1964, 1965, 1966, 1967, 1968, 1969, 1970, 1971, 1972, 1973, 1974, 1975, 1976, 1977, 1978, 1979, 1980, 1981, 1982, 1983, 1984, 1985, 1986, 1987, 1988, 1989, 1990, 1991, 1992, 1993, 1994, 1995, 1996, 1997, 1998, 1999, 2000, 2001, 2002, 2003, 2004, 2005, 2006, 2007, 2008, 2009, 2010, 2011, 2012, 2013, 2014, 2015, 2016, 2018, 2019, 2020, 2021, 2022"
19,9397000,"LITTLE COLORADO RIVER AT HOLBROOK, AZ",34.8978039,-110.1631768,3/17/05,4/28/23,41,"1906, 1950, 1951, 1952, 1953, 1954, 1955, 1956, 1957, 1958, 1959, 1960, 1961, 1962, 1963, 1964, 1965, 1966, 1967, 1968, 1969, 1970, 1971, 1972, 1973, 2004, 2005, 2006, 2007, 2008, 2009, 2010, 2011, 2012, 2013, 2014, 2015, 2016, 2017, 2018, 2019"
20,9397500,"CHEVELON FORK BELOW WILDCAT CANYON, NR WINSLOW, AZ",34.6364196,-110.7142957,5/1/47,6/14/23,49,"1948, 1949, 1950, 1951, 1952, 1953, 1954, 1955, 1956, 1957, 1958, 1959, 1960, 1961, 1962, 1963, 1964, 1965, 1966, 1967, 1968, 1969, 1996, 1997, 1998, 1999, 2000, 2001, 2002, 2003, 2004, 2005, 2006, 2007, 2008, 2009, 2010, 2011, 2012, 2013, 2014, 2015, 2016, 2017, 2018, 2019, 2020, 2021, 2022"
21,9398000,"CHEVELON CREEK NEAR WINSLOW, AZ",34.92438889,-110.5289306,1/1/06,6/14/23,47,"1906, 1917, 1918, 1919, 1930, 1931, 1932, 1933, 1936, 1937, 1938, 1939, 1940, 1941, 1942, 1943, 1944, 1945, 1946, 1947, 1948, 1949, 1950, 1951, 1952, 1953, 1954, 1955, 1956, 1957, 1958, 1959, 1960, 1961, 1962, 1963, 1964, 1965, 1966, 1967, 1968, 1969, 1970, 1971, 2006, 2021, 2022"
22,9398500,"CLEAR CREEK BELOW WILLOW CREEK, N WINSLOW, AZ.",34.66752554,-111.0076349,6/1/47,10/13/93,44,"1948, 1949, 1950, 1951, 1952, 1953, 1954, 1955, 1956, 1957, 1958, 1959, 1960, 1961, 1962, 1963, 1964, 1965, 1966, 1967, 1968, 1969, 1970, 1971, 1972, 1973, 1974, 1975, 1976, 1977, 1978, 1979, 1980, 1981, 1982, 1983, 1984, 1985, 1986, 1987, 1988, 1989, 1990, 1991"
23,9399000,"CLEAR CREEK NEAR WINSLOW, AZ",34.96946689,-110.6451326,6/1/06,9/29/06,51,"1930, 1931, 1932, 1933, 1936, 1937, 1938, 1939, 1940, 1941, 1942, 1943, 1944, 1945, 1946, 1947, 1948, 1949, 1950, 1951, 1952, 1953, 1954, 1955, 1956, 1957, 1958, 1959, 1960, 1961, 1962, 1963, 1964, 1965, 1966, 1967, 1968, 1969, 1970, 1971, 1972, 1973, 1974, 1975, 1976, 1977, 1978, 1979, 1980, 1981, 1982"
24,9400350,"LITTLE COLORADO RIVER NEAR WINSLOW, AZ",35.011688,-110.6512444,12/13/01,6/14/23,20,"2002, 2003, 2004, 2005, 2006, 2007, 2008, 2009, 2010, 2011, 2012, 2013, 2014, 2015, 2016, 2017, 2018, 2019, 2020, 2022"
25,9401000,"LITTLE COLO. RIVER AT GRAND FALLS, ARIZ.",35.4333386,-111.200701,11/15/25,7/2/95,35,"1926, 1927, 1928, 1929, 1930, 1931, 1932, 1933, 1934, 1935, 1936, 1937, 1938, 1939, 1940, 1941, 1942, 1943, 1944, 1945, 1946, 1947, 1948, 1949, 1954, 1955, 1956, 1957, 1958, 1959, 1990, 1991, 1992, 1993, 1994"
26,9401110,"DINNEBITO WASH NEAR SAND SPRINGS, AZ",35.78069444,-110.9304167,6/9/93,2/11/21,27,"1994, 1995, 1996, 1997, 1998, 1999, 2000, 2001, 2002, 2003, 2004, 2005, 2006, 2007, 2008, 2009, 2010, 2011, 2012, 2013, 2014, 2015, 2016, 2017, 2018, 2019, 2020"
27,9401260,"MOENKOPI WASH AT MOENKOPI, AZ",36.10499334,-111.2018069,7/1/76,6/14/23,46,"1977, 1978, 1979, 1980, 1981, 1982, 1983, 1984, 1985, 1986, 1987, 1988, 1989, 1990, 1991, 1992, 1993, 1994, 1995, 1996, 1997, 1998, 1999, 2000, 2001, 2002, 2003, 2004, 2005, 2006, 2007, 2008, 2009, 2010, 2011, 2012, 2013, 2014, 2015, 2016, 2017, 2018, 2019, 2020, 2021, 2022"
28,9401265,"PASTURE CANYON SPRINGS NEAR TUBA CITY, AZ",36.1715833,-111.2014444,8/10/04,6/14/23,18,"2005, 2006, 2007, 2008, 2009, 2010, 2011, 2012, 2013, 2014, 2015, 2016, 2017, 2018, 2019, 2020, 2021, 2022"
29,9402000,"LITTLE COLORADO RIVER NEAR CAMERON, AZ",35.9263819,-111.5673682,6/1/47,6/14/23,75,"1948, 1949, 1950, 1951, 1952, 1953, 1954, 1955, 1956, 1957, 1958, 1959, 1960, 1961, 1962, 1963, 1964, 1965, 1966, 1967, 1968, 1969, 1970, 1971, 1972, 1973, 1974, 1975, 1976, 1977, 1978, 1979, 1980, 1981, 1982, 1983, 1984, 1985, 1986, 1987, 1988, 1989, 1990, 1991, 1992, 1993, 1994, 1995, 1996, 1997, 1998, 1999, 2000, 2001, 2002, 2003, 2004, 2005, 2006, 2007, 2008, 2009, 2010, 2011, 2012, 2013, 2014, 2015, 2016, 2017, 2018, 2019, 2020, 2021, 2022"
30,9402300,"LITTLE COLORADO RIVER ABV MOUTH NR DESERT VIEW, AZ",36.1952642,-111.7771024,5/4/90,6/14/23,19,"2004, 2005, 2006, 2007, 2008, 2009, 2010, 2011, 2012, 2013, 2014, 2015, 2016, 2017, 2018, 2019, 2020, 2021, 2022"
31,9403000,"BRIGHT ANGEL CREEK NEAR GRAND CANYON, ARIZ.",36.10303836,-112.0962798,10/1/23,4/12/93,51,"1924, 1925, 1926, 1927, 1928, 1929, 1930, 1931, 1932, 1933, 1934, 1935, 1936, 1937, 1938, 1939, 1940, 1941, 1942, 1943, 1944, 1945, 1946, 1947, 1948, 1949, 1950, 1951, 1952, 1953, 1954, 1955, 1956, 1957, 1958, 1959, 1960, 1961, 1962, 1963, 1964, 1965, 1966, 1967, 1968, 1969, 1970, 1971, 1972, 1973, 1991"
32,9403013,"PUMP HOUSE WASH SPRING NEAR GRAND CANYON, AZ",36.0785939,-112.1260026,6/22/95,2/28/22,11,"1996, 1997, 1998, 1999, 2000, 2001, 2017, 2018, 2019, 2020, 2021"
33,9403850,"KANAB CREEK ABOVE THE MOUTH NEAR SUPAI, AZ",36.39581624,-112.6318566,11/2/90,5/1/23,14,"1991, 1992, 2011, 2012, 2013, 2014, 2015, 2016, 2017, 2018, 2019, 2020, 2021, 2022"
34,9404110,"HAVASU CREEK AT SUPAI, AZ",36.21946667,-112.6901,9/1/95,9/30/22,26,"1996, 1997, 1998, 1999, 2000, 2001, 2002, 2003, 2004, 2005, 2006, 2007, 2008, 2009, 2010, 2011, 2012, 2013, 2014, 2015, 2016, 2017, 2018, 2019, 2020, 2021"
35,9404115,"HAVASU CREEK ABOVE THE MOUTH, NEAR SUPAI, AZ",36.30581618,-112.761305,10/1/95,6/14/23,20,"1996, 2001, 2002, 2003, 2004, 2005, 2006, 2007, 2008, 2012, 2013, 2014, 2015, 2016, 2017, 2018, 2019, 2020, 2021, 2022"
36,9404208,"DIAMOND CREEK NEAR PEACH SPRINGS, AZ",35.76498839,-113.3682663,5/12/93,6/14/23,29,"1994, 1995, 1996, 1997, 1998, 1999, 2000, 2001, 2002, 2003, 2004, 2005, 2006, 2007, 2008, 2009, 2010, 2011, 2012, 2013, 2014, 2015, 2016, 2017, 2018, 2019, 2020, 2021, 2022"
37,9404222,"SPENCER CREEK NEAR PEACH SPRINGS, AZ",35.7999,-113.65535,3/26/98,6/14/23,23,"1999, 2000, 2001, 2002, 2003, 2004, 2005, 2006, 2007, 2008, 2009, 2010, 2011, 2012, 2013, 2014, 2015, 2016, 2017, 2018, 2019, 2020, 2021"
38,9404343,"TRUXTON WASH NEAR VALENTINE, AZ",35.38416188,-113.6577185,9/30/93,6/14/23,29,"1994, 1995, 1996, 1997, 1998, 1999, 2000, 2001, 2002, 2003, 2004, 2005, 2006, 2007, 2008, 2009, 2010, 2011, 2012, 2013, 2014, 2015, 2016, 2017, 2018, 2019, 2020, 2021, 2022"
39,9413700,"VIRGIN RV ABV THE NARROWS NR LITTLEFIELD, AZ",36.92138889,-113.8313889,6/23/98,6/14/23,24,"1999, 2000, 2001, 2002, 2003, 2004, 2005, 2006, 2007, 2008, 2009, 2010, 2011, 2012, 2013, 2014, 2015, 2016, 2017, 2018, 2019, 2020, 2021, 2022"
40,9414900,"BEAVER DAM WASH AT BEAVER DAM, AZ",36.90192134,-113.9335767,2/6/93,9/30/17,20,"1996, 1997, 1998, 1999, 2000, 2001, 2002, 2003, 2004, 2006, 2007, 2008, 2009, 2010, 2011, 2012, 2013, 2014, 2015, 2016"
41,9415000,"VIRGIN RV AT LITTLEFIELD, AZ",36.8916437,-113.9244098,10/1/29,6/11/23,93,"1930, 1931, 1932, 1933, 1934, 1935, 1936, 1937, 1938, 1939, 1940, 1941, 1942, 1943, 1944, 1945, 1946, 1947, 1948, 1949, 1950, 1951, 1952, 1953, 1954, 1955, 1956, 1957, 1958, 1959, 1960, 1961, 1962, 1963, 1964, 1965, 1966, 1967, 1968, 1969, 1970, 1971, 1972, 1973, 1974, 1975, 1976, 1977, 1978, 1979, 1980, 1981, 1982, 1983, 1984, 1985, 1986, 1987, 1988, 1989, 1990, 1991, 1992, 1993, 1994, 1995, 1996, 1997, 1998, 1999, 2000, 2001, 2002, 2003, 2004, 2005, 2006, 2007, 2008, 2009, 2010, 2011, 2012, 2013, 2014, 2015, 2016, 2017, 2018, 2019, 2020, 2021, 2022"
42,9423650,"TOPOCK MARSH OUTLET NEAR TOPOCK, AZ",34.7375068,-114.4902393,1/1/67,7/30/17,44,"1967, 1968, 1969, 1970, 1971, 1972, 1973, 1974, 1975, 1976, 1977, 1981, 1982, 1983, 1984, 1985, 1986, 1987, 1988, 1989, 1990, 1991, 1992, 1993, 1994, 1995, 1996, 1997, 1998, 1999, 2000, 2001, 2002, 2003, 2006, 2007, 2008, 2009, 2010, 2012, 2013, 2014, 2015, 2016"
43,9424200,"COTTONWOOD WASH NO. 1 NEAR KINGMAN, AZ.",35.18111629,-113.4696561,2/11/64,9/29/78,13,"1965, 1966, 1967, 1968, 1969, 1970, 1971, 1972, 1973, 1974, 1975, 1976, 1977"
44,9424447,"BURRO CREEK AT OLD US 93 BRIDGE, NEAR BAGDAD, AZ",34.5416838,-113.4452053,7/25/80,6/14/23,24,"1981, 1982, 1983, 1984, 1985, 1986, 1987, 1988, 2005, 2006, 2009, 2010, 2011, 2012, 2013, 2014, 2015, 2016, 2017, 2018, 2019, 2020, 2021, 2022"
45,9424450,"BIG SANDY RIVER NEAR WIKIEUP, AZ",34.46251664,-113.6243774,3/29/66,6/14/23,56,"1967, 1968, 1969, 1970, 1971, 1972, 1973, 1974, 1975, 1976, 1977, 1978, 1979, 1980, 1981, 1982, 1983, 1984, 1985, 1986, 1987, 1988, 1989, 1990, 1991, 1992, 1993, 1994, 1995, 1996, 1997, 1998, 1999, 2000, 2001, 2002, 2003, 2004, 2005, 2006, 2007, 2008, 2009, 2010, 2011, 2012, 2013, 2014, 2015, 2016, 2017, 2018, 2019, 2020, 2021, 2022"
46,9424900,"SANTA MARIA RIVER NEAR BAGDAD, AZ",34.305854,-113.3471441,4/18/66,6/14/23,52,"1967, 1968, 1969, 1970, 1971, 1972, 1973, 1974, 1975, 1976, 1977, 1978, 1979, 1980, 1981, 1982, 1983, 1984, 1989, 1990, 1991, 1992, 1993, 1994, 1995, 1996, 1997, 1998, 1999, 2000, 2001, 2002, 2003, 2004, 2005, 2006, 2007, 2008, 2009, 2010, 2011, 2012, 2013, 2014, 2015, 2016, 2017, 2018, 2019, 2020, 2021, 2022"
47,9425500,"SANTA MARIA RIVER NEAR ALAMO, AZ",34.30001995,-113.5174279,12/1/39,4/30/66,26,"1940, 1941, 1942, 1943, 1944, 1945, 1946, 1947, 1948, 1949, 1950, 1951, 1952, 1953, 1954, 1955, 1956, 1957, 1958, 1959, 1960, 1961, 1962, 1963, 1964, 1965"
48,9426000,"BILL WILLIAMS RIVER BELOW ALAMO DAM, AZ",34.2308539,-113.6088195,12/1/39,6/14/23,83,"1940, 1941, 1942, 1943, 1944, 1945, 1946, 1947, 1948, 1949, 1950, 1951, 1952, 1953, 1954, 1955, 1956, 1957, 1958, 1959, 1960, 1961, 1962, 1963, 1964, 1965, 1966, 1967, 1968, 1969, 1970, 1971, 1972, 1973, 1974, 1975, 1976, 1977, 1978, 1979, 1980, 1981, 1982, 1983, 1984, 1985, 1986, 1987, 1988, 1989, 1990, 1991, 1992, 1993, 1994, 1995, 1996, 1997, 1998, 1999, 2000, 2001, 2002, 2003, 2004, 2005, 2006, 2007, 2008, 2009, 2010, 2011, 2012, 2013, 2014, 2015, 2016, 2017, 2018, 2019, 2020, 2021, 2022"
49,9426500,"BILL WILLIAMS RIVER AT PLANET, AZ",34.26668248,-113.9841085,10/1/14,9/29/46,17,"1929, 1930, 1931, 1932, 1933, 1934, 1935, 1936, 1937, 1938, 1939, 1940, 1941, 1942, 1943, 1944, 1945"
50,9426620,"BILL WILLIAMS RIVER NEAR PARKER, AZ",34.2612361,-114.0289806,10/1/88,6/14/23,34,"1989, 1990, 1991, 1992, 1993, 1994, 1995, 1996, 1997, 1998, 1999, 2000, 2001, 2002, 2003, 2004, 2005, 2006, 2007, 2008, 2009, 2010, 2011, 2012, 2013, 2014, 2015, 2016, 2017, 2018, 2019, 2020, 2021, 2022"
51,9426650,CENTRAL ARIZONA PROJECT CANAL AT HAVASU PUMPING PL,34.28890386,-114.1110573,10/1/84,5/31/23,38,"1985, 1986, 1987, 1988, 1989, 1990, 1991, 1992, 1993, 1994, 1995, 1996, 1997, 1998, 1999, 2000, 2001, 2002, 2003, 2004, 2005, 2006, 2007, 2008, 2009, 2010, 2011, 2012, 2013, 2014, 2015, 2016, 2017, 2018, 2019, 2020, 2021, 2022"
52,9428500,"CRIR MAIN CANAL NEAR PARKER, AZ",34.16779378,-114.2766175,10/1/54,6/15/23,68,"1955, 1956, 1957, 1958, 1959, 1960, 1961, 1962, 1963, 1964, 1965, 1966, 1967, 1968, 1969, 1970, 1971, 1972, 1973, 1974, 1975, 1976, 1977, 1978, 1979, 1980, 1981, 1982, 1983, 1984, 1985, 1986, 1987, 1988, 1989, 1990, 1991, 1992, 1993, 1994, 1995, 1996, 1997, 1998, 1999, 2000, 2001, 2002, 2003, 2004, 2005, 2006, 2007, 2008, 2009, 2010, 2011, 2012, 2013, 2014, 2015, 2016, 2017, 2018, 2019, 2020, 2021, 2022"
53,9428503,C.R.I.R. MAIN CANAL GATE OPENING,34.16779378,-114.2766175,10/1/87,10/31/03,11,"1988, 1990, 1991, 1992, 1995, 1996, 1998, 1999, 2000, 2001, 2002"
54,9428505,"GARDNER LATERAL SPILL NEAR PARKER, AZ",34.02779463,-114.433566,5/1/66,6/14/23,56,"1967, 1968, 1969, 1970, 1971, 1972, 1973, 1974, 1975, 1976, 1977, 1978, 1979, 1980, 1981, 1982, 1983, 1984, 1985, 1986, 1987, 1988, 1989, 1990, 1991, 1992, 1993, 1994, 1995, 1996, 1997, 1998, 1999, 2000, 2001, 2002, 2003, 2004, 2005, 2006, 2007, 2008, 2009, 2010, 2011, 2012, 2013, 2014, 2015, 2016, 2017, 2018, 2019, 2020, 2021, 2022"
55,9428508,"UPPER MAIN DRAIN NEAR POSTON, AZ",34.0233504,-114.4124542,10/4/74,9/29/10,35,"1975, 1976, 1977, 1978, 1979, 1980, 1981, 1982, 1983, 1984, 1985, 1986, 1987, 1988, 1989, 1990, 1991, 1992, 1993, 1994, 1995, 1996, 1997, 1998, 1999, 2000, 2001, 2002, 2003, 2004, 2005, 2006, 2007, 2008, 2009"
56,9428510,"POSTON WASTEWAY NEAR POSTON, AZ",33.99946154,-114.4455106,10/1/69,6/15/23,47,"1974, 1975, 1976, 1977, 1978, 1979, 1980, 1981, 1982, 1983, 1984, 1985, 1986, 1987, 1988, 1989, 1990, 1991, 1992, 1993, 1994, 1995, 1996, 1997, 1998, 1999, 2000, 2001, 2002, 2003, 2006, 2007, 2008, 2009, 2010, 2011, 2012, 2013, 2014, 2015, 2016, 2017, 2018, 2019, 2020, 2021, 2022"
57,9429030,"PALO VERDE DRAIN NEAR PARKER, AZ",33.75696536,-114.4974554,10/1/79,6/14/23,43,"1980, 1981, 1982, 1983, 1984, 1985, 1986, 1987, 1988, 1989, 1990, 1991, 1992, 1993, 1994, 1995, 1996, 1997, 1998, 1999, 2000, 2001, 2002, 2003, 2004, 2005, 2006, 2007, 2008, 2009, 2010, 2011, 2012, 2013, 2014, 2015, 2016, 2017, 2018, 2019, 2020, 2021, 2022"
58,9429060,"CRIR LOWER MAIN DRAIN NEAR PARKER, AZ",33.761132,-114.4855107,6/1/66,9/29/10,43,"1967, 1968, 1969, 1970, 1971, 1972, 1973, 1974, 1975, 1976, 1977, 1978, 1979, 1980, 1981, 1982, 1983, 1984, 1985, 1986, 1987, 1988, 1989, 1990, 1991, 1992, 1993, 1994, 1995, 1996, 1997, 1998, 1999, 2000, 2001, 2002, 2003, 2004, 2005, 2006, 2007, 2008, 2009"
59,9429070,"CRIR LWR MAIN DRAIN BLW TYSON WW, NR EHRENBERG, AZ",33.73163259,-114.503983,9/30/09,6/14/23,13,"2010, 2011, 2012, 2013, 2014, 2015, 2016, 2017, 2018, 2019, 2020, 2021, 2022"
60,9439000,"GILA RIVER AT DUNCAN, AZ",32.72444444,-109.0991667,9/30/03,6/14/23,17,"2004, 2005, 2006, 2009, 2010, 2011, 2012, 2013, 2014, 2015, 2016, 2017, 2018, 2019, 2020, 2021, 2022"
61,9442000,"GILA RIVER NEAR CLIFTON, AZ",32.96527778,-109.3086111,11/1/10,6/14/23,89,"1911, 1912, 1913, 1914, 1915, 1916, 1917, 1929, 1930, 1931, 1932, 1936, 1937, 1938, 1939, 1940, 1941, 1942, 1943, 1944, 1945, 1946, 1949, 1950, 1951, 1952, 1953, 1954, 1955, 1956, 1957, 1958, 1959, 1960, 1961, 1962, 1963, 1964, 1965, 1966, 1967, 1968, 1969, 1970, 1971, 1972, 1973, 1974, 1975, 1976, 1977, 1978, 1979, 1980, 1981, 1982, 1983, 1984, 1985, 1986, 1987, 1988, 1996, 1997, 1998, 1999, 2000, 2001, 2002, 2003, 2004, 2005, 2006, 2007, 2008, 2009, 2010, 2011, 2012, 2013, 2014, 2015, 2016, 2017, 2018, 2019, 2020, 2021, 2022"
62,9444200,"BLUE RIVER NEAR CLIFTON, AZ.",33.29089456,-109.1961832,11/7/67,6/14/23,36,"1968, 1969, 1970, 1971, 1972, 1973, 1974, 1975, 1976, 1977, 1978, 1979, 1999, 2000, 2001, 2002, 2003, 2004, 2005, 2006, 2007, 2008, 2009, 2010, 2011, 2012, 2013, 2014, 2015, 2016, 2017, 2018, 2019, 2020, 2021, 2022"
63,9444500,"SAN FRANCISCO RIVER AT CLIFTON, AZ.",33.04950776,-109.2959047,10/23/10,6/14/23,97,"1913, 1914, 1915, 1916, 1917, 1928, 1929, 1930, 1931, 1932, 1936, 1937, 1938, 1939, 1940, 1941, 1942, 1943, 1944, 1945, 1946, 1947, 1948, 1949, 1950, 1951, 1952, 1953, 1954, 1955, 1956, 1957, 1958, 1959, 1960, 1961, 1962, 1963, 1964, 1965, 1966, 1967, 1968, 1969, 1970, 1971, 1972, 1973, 1974, 1975, 1976, 1977, 1978, 1979, 1980, 1981, 1982, 1983, 1984, 1985, 1986, 1987, 1988, 1989, 1990, 1991, 1992, 1993, 1994, 1995, 1996, 1997, 1998, 1999, 2000, 2001, 2002, 2003, 2004, 2005, 2006, 2007, 2008, 2009, 2010, 2011, 2012, 2013, 2014, 2015, 2016, 2017, 2018, 2019, 2020, 2021, 2022"
64,9445000,"Willow Creek Div from Black River, nr Morenci, AZ",33.41283295,-109.719531,4/21/45,9/30/02,56,"1946, 1947, 1948, 1949, 1950, 1951, 1952, 1953, 1954, 1955, 1956, 1957, 1958, 1959, 1960, 1961, 1962, 1963, 1964, 1965, 1966, 1967, 1968, 1969, 1970, 1971, 1972, 1973, 1974, 1975, 1976, 1977, 1978, 1979, 1980, 1981, 1982, 1983, 1984, 1985, 1986, 1987, 1988, 1989, 1990, 1991, 1992, 1993, 1994, 1995, 1996, 1997, 1998, 1999, 2000, 2001"
65,9445500,"WILLOW C NR POINT OF PINES NR MORENCI, ARIZ.",33.3792231,-109.6506401,8/18/44,9/29/67,22,"1945, 1946, 1947, 1948, 1949, 1950, 1951, 1952, 1953, 1954, 1955, 1956, 1957, 1958, 1959, 1960, 1961, 1962, 1963, 1964, 1965, 1966"
66,9446000,WILLOW C N DOUBLE CIRCLE RNCH N MORENCI ARIZ.,33.35422488,-109.5256375,9/30/44,9/29/67,22,"1945, 1946, 1947, 1948, 1949, 1950, 1951, 1952, 1953, 1954, 1955, 1956, 1957, 1958, 1959, 1960, 1961, 1962, 1963, 1964, 1965, 1966"
67,9447000,"EAGLE CREEK ABOVE PUMPING PLANT, NEAR MORENCI, AZ.",33.0645062,-109.4422978,4/1/44,6/14/23,78,"1945, 1946, 1947, 1948, 1949, 1950, 1951, 1952, 1953, 1954, 1955, 1956, 1957, 1958, 1959, 1960, 1961, 1962, 1963, 1964, 1965, 1966, 1967, 1968, 1969, 1970, 1971, 1972, 1973, 1974, 1975, 1976, 1977, 1978, 1979, 1980, 1981, 1982, 1983, 1984, 1985, 1986, 1987, 1988, 1989, 1990, 1991, 1992, 1993, 1994, 1995, 1996, 1997, 1998, 1999, 2000, 2001, 2002, 2003, 2004, 2005, 2006, 2007, 2008, 2009, 2010, 2011, 2012, 2013, 2014, 2015, 2016, 2017, 2018, 2019, 2020, 2021, 2022"
68,9447800,"BONITA CREEK NEAR MORENCI, AZ.",32.95561778,-109.5311876,8/1/81,6/14/23,39,"1982, 1983, 1984, 1985, 1986, 1987, 1988, 1989, 1990, 1991, 1992, 1993, 1994, 1995, 1996, 1997, 1998, 1999, 2000, 2001, 2002, 2003, 2004, 2005, 2006, 2007, 2008, 2009, 2010, 2011, 2012, 2013, 2014, 2015, 2018, 2019, 2020, 2021, 2022"
69,9448500,"GILA RIVER AT HEAD OF SAFFORD VALLEY, NR SOLOMON,",32.8827222,-109.4796056,10/1/20,6/14/23,99,"1921, 1922, 1923, 1924, 1925, 1926, 1927, 1928, 1929, 1930, 1931, 1932, 1936, 1937, 1938, 1939, 1940, 1941, 1942, 1943, 1944, 1945, 1946, 1947, 1948, 1949, 1950, 1951, 1952, 1953, 1954, 1955, 1956, 1957, 1958, 1959, 1960, 1961, 1962, 1963, 1964, 1965, 1966, 1967, 1968, 1969, 1970, 1971, 1972, 1973, 1974, 1975, 1976, 1977, 1978, 1979, 1980, 1981, 1982, 1983, 1984, 1985, 1986, 1987, 1988, 1989, 1990, 1991, 1992, 1993, 1994, 1995, 1996, 1997, 1998, 1999, 2000, 2001, 2002, 2003, 2004, 2005, 2006, 2007, 2008, 2009, 2010, 2011, 2012, 2013, 2014, 2015, 2016, 2017, 2018, 2019, 2020, 2021, 2022"
70,9449500,"BROWN CANAL ST HEAD OF SAFFORD VALLEY,NR SOLOMON",32.87367495,-109.5131307,12/20/20,9/29/32,11,"1921, 1922, 1923, 1924, 1925, 1926, 1927, 1928, 1929, 1930, 1931"
71,9451000,GILA R NR SOLOMON ARIZ,32.86673068,-109.5172974,4/1/14,9/29/51,27,"1915, 1916, 1917, 1918, 1919, 1920, 1921, 1922, 1923, 1924, 1925, 1926, 1927, 1928, 1929, 1930, 1931, 1941, 1942, 1943, 1944, 1945, 1946, 1947, 1948, 1949, 1950"
72,9458200,"DEADMAN CREEK NEAR SAFFORD, ARIZ.",32.73312363,-109.8164694,11/10/66,4/8/95,14,"1967, 1968, 1969, 1970, 1971, 1972, 1973, 1974, 1975, 1987, 1989, 1990, 1991, 1992"
73,9458500,"GILA RIVER AT SAFFORD, ARIZ.",32.8472877,-109.7159136,6/1/40,9/29/65,14,"1941, 1942, 1943, 1944, 1945, 1946, 1957, 1958, 1959, 1960, 1961, 1962, 1963, 1964"
74,9460150,"FRYE CREEK NEAR THATCHER, AZ",32.74395706,-109.8381364,10/1/89,10/31/15,20,"1990, 1991, 1995, 1996, 1997, 1998, 1999, 2000, 2001, 2002, 2003, 2004, 2007, 2008, 2009, 2010, 2011, 2012, 2013, 2014"
75,9466500,"GILA RIVER AT CALVA, AZ.",33.18561278,-110.2200903,10/1/29,6/14/23,93,"1930, 1931, 1932, 1933, 1934, 1935, 1936, 1937, 1938, 1939, 1940, 1941, 1942, 1943, 1944, 1945, 1946, 1947, 1948, 1949, 1950, 1951, 1952, 1953, 1954, 1955, 1956, 1957, 1958, 1959, 1960, 1961, 1962, 1963, 1964, 1965, 1966, 1967, 1968, 1969, 1970, 1971, 1972, 1973, 1974, 1975, 1976, 1977, 1978, 1979, 1980, 1981, 1982, 1983, 1984, 1985, 1986, 1987, 1988, 1989, 1990, 1991, 1992, 1993, 1994, 1995, 1996, 1997, 1998, 1999, 2000, 2001, 2002, 2003, 2004, 2005, 2006, 2007, 2008, 2009, 2010, 2011, 2012, 2013, 2014, 2015, 2016, 2017, 2018, 2019, 2020, 2021, 2022"
76,9468500,"SAN CARLOS RIVER NEAR PERIDOT, AZ.",33.29644678,-110.4514876,4/1/14,6/14/23,93,"1930, 1931, 1932, 1933, 1934, 1935, 1936, 1937, 1938, 1939, 1940, 1941, 1942, 1943, 1944, 1945, 1946, 1947, 1948, 1949, 1950, 1951, 1952, 1953, 1954, 1955, 1956, 1957, 1958, 1959, 1960, 1961, 1962, 1963, 1964, 1965, 1966, 1967, 1968, 1969, 1970, 1971, 1972, 1973, 1974, 1975, 1976, 1977, 1978, 1979, 1980, 1981, 1982, 1983, 1984, 1985, 1986, 1987, 1988, 1989, 1990, 1991, 1992, 1993, 1994, 1995, 1996, 1997, 1998, 1999, 2000, 2001, 2002, 2003, 2004, 2005, 2006, 2007, 2008, 2009, 2010, 2011, 2012, 2013, 2014, 2015, 2016, 2017, 2018, 2019, 2020, 2021, 2022"
77,9469500,"GILA RIVER BELOW COOLIDGE DAM, AZ.",33.1695055,-110.5312109,1899-07-11,6/6/23,110,"1901, 1903, 1904, 1916, 1917, 1918, 1919, 1920, 1921, 1922, 1923, 1924, 1925, 1926, 1927, 1928, 1929, 1930, 1931, 1932, 1933, 1934, 1935, 1936, 1937, 1938, 1939, 1940, 1941, 1942, 1943, 1944, 1945, 1946, 1947, 1948, 1949, 1950, 1951, 1952, 1953, 1954, 1955, 1956, 1957, 1958, 1959, 1960, 1961, 1962, 1963, 1964, 1965, 1966, 1967, 1968, 1969, 1970, 1971, 1972, 1973, 1974, 1975, 1976, 1977, 1978, 1979, 1980, 1981, 1982, 1983, 1984, 1985, 1986, 1987, 1988, 1989, 1990, 1991, 1992, 1993, 1994, 1995, 1996, 1997, 1998, 1999, 2000, 2001, 2002, 2003, 2004, 2005, 2006, 2007, 2008, 2009, 2010, 2011, 2012, 2013, 2014, 2015, 2016, 2017, 2018, 2019, 2020, 2021, 2022"
78,9470000,"GILA RIVER AT WINKELMAN, ARIZ.",33.0017324,-110.7659386,9/10/17,7/1/04,47,"1942, 1943, 1944, 1945, 1946, 1947, 1948, 1949, 1950, 1951, 1952, 1953, 1954, 1955, 1956, 1957, 1958, 1959, 1960, 1961, 1962, 1963, 1964, 1965, 1966, 1967, 1968, 1969, 1970, 1971, 1972, 1973, 1974, 1975, 1976, 1977, 1978, 1979, 1985, 1986, 1987, 1988, 1989, 1990, 1991, 1992, 1993"
79,9470500,"SAN PEDRO RIVER AT PALOMINAS, AZ.",31.38010095,-110.1111882,5/31/30,6/14/23,64,"1931, 1932, 1936, 1937, 1938, 1939, 1940, 1951, 1952, 1953, 1954, 1955, 1956, 1957, 1958, 1959, 1960, 1961, 1962, 1963, 1964, 1965, 1966, 1967, 1968, 1969, 1970, 1971, 1972, 1973, 1974, 1975, 1976, 1977, 1978, 1979, 1980, 1996, 1997, 1998, 1999, 2000, 2001, 2002, 2003, 2004, 2005, 2006, 2007, 2008, 2009, 2010, 2011, 2012, 2013, 2014, 2015, 2016, 2017, 2018, 2019, 2020, 2021, 2022"
80,9470700,"BANNING CREEK NEAR BISBEE, AZ",31.5034722,-110.0052778,2/9/01,6/14/23,21,"2002, 2003, 2004, 2005, 2006, 2007, 2008, 2009, 2010, 2011, 2012, 2013, 2014, 2015, 2016, 2017, 2018, 2019, 2020, 2021, 2022"
81,9470750,"RAMSEY CANYON NEAR SIERRA VISTA, AZ",31.44666667,-110.3058333,5/1/00,6/14/23,22,"2001, 2002, 2003, 2004, 2005, 2006, 2007, 2008, 2009, 2010, 2011, 2012, 2013, 2014, 2015, 2016, 2017, 2018, 2019, 2020, 2021, 2022"
82,9470800,"GARDEN CANYON NEAR FORT HUACHUCA, AZ",31.47287518,-110.3478588,10/1/59,6/14/23,34,"1960, 1961, 1962, 1963, 1964, 1994, 1995, 1996, 1997, 1998, 1999, 2000, 2001, 2002, 2003, 2004, 2005, 2006, 2007, 2008, 2009, 2010, 2011, 2012, 2013, 2014, 2015, 2016, 2017, 2018, 2019, 2020, 2021, 2022"
83,9471000,"SAN PEDRO RIVER AT CHARLESTON, AZ.",31.62592644,-110.1745226,3/29/04,6/14/23,104,"1913, 1914, 1915, 1916, 1917, 1918, 1919, 1920, 1921, 1922, 1923, 1924, 1925, 1929, 1930, 1931, 1932, 1936, 1937, 1938, 1939, 1940, 1941, 1942, 1943, 1944, 1945, 1946, 1947, 1948, 1949, 1950, 1951, 1952, 1953, 1954, 1955, 1956, 1957, 1958, 1959, 1960, 1961, 1962, 1963, 1964, 1965, 1966, 1967, 1968, 1969, 1970, 1971, 1972, 1973, 1974, 1975, 1976, 1977, 1978, 1979, 1980, 1981, 1982, 1983, 1984, 1985, 1986, 1987, 1988, 1989, 1990, 1991, 1992, 1993, 1994, 1995, 1996, 1997, 1998, 1999, 2000, 2001, 2002, 2003, 2004, 2005, 2006, 2007, 2008, 2009, 2010, 2011, 2012, 2013, 2014, 2015, 2016, 2017, 2018, 2019, 2020, 2021, 2022"
84,9471310,"HUACHUCA CANYON NEAR FORT HUACHUCA, AZ",31.51805556,-110.3872222,5/12/00,6/14/23,22,"2001, 2002, 2003, 2004, 2005, 2006, 2007, 2008, 2009, 2010, 2011, 2012, 2013, 2014, 2015, 2016, 2017, 2018, 2019, 2020, 2021, 2022"
85,9471380,"UPPER BABOCOMARI RIVER NEAR HUACHUCA CITY, AZ",31.635,-110.4247222,7/9/00,6/14/23,22,"2001, 2002, 2003, 2004, 2005, 2006, 2007, 2008, 2009, 2010, 2011, 2012, 2013, 2014, 2015, 2016, 2017, 2018, 2019, 2020, 2021, 2022"
86,9471400,"BABOCOMARI RIVER NEAR TOMBSTONE, AZ.",31.70027778,-110.2263889,3/18/00,6/14/23,22,"2001, 2002, 2003, 2004, 2005, 2006, 2007, 2008, 2009, 2010, 2011, 2012, 2013, 2014, 2015, 2016, 2017, 2018, 2019, 2020, 2021, 2022"
87,9471550,"SAN PEDRO RIVER NEAR TOMBSTONE, AZ",31.75144444,-110.2013333,4/18/67,6/14/23,43,"1968, 1969, 1970, 1971, 1972, 1973, 1974, 1975, 1976, 1977, 1978, 1979, 1980, 1981, 1982, 1983, 1984, 1997, 1998, 1999, 2000, 2001, 2002, 2003, 2004, 2005, 2006, 2007, 2008, 2009, 2010, 2011, 2012, 2013, 2014, 2015, 2016, 2017, 2018, 2019, 2020, 2021, 2022"
88,9472000,"SAN PEDRO RIVER NR REDINGTON, ARIZ",32.380628,-110.446471,6/1/43,9/29/95,47,"1944, 1945, 1946, 1951, 1952, 1953, 1954, 1955, 1956, 1957, 1958, 1959, 1960, 1961, 1962, 1963, 1964, 1965, 1966, 1967, 1968, 1969, 1970, 1971, 1972, 1973, 1974, 1975, 1976, 1977, 1978, 1979, 1980, 1981, 1982, 1983, 1984, 1985, 1986, 1987, 1988, 1989, 1990, 1991, 1992, 1993, 1994"
89,9473000,"ARAVAIPA CREEK NEAR MAMMOTH, AZ.",32.84423324,-110.6301,5/1/31,6/14/23,63,"1932, 1933, 1934, 1935, 1936, 1937, 1938, 1939, 1940, 1942, 1967, 1968, 1969, 1970, 1971, 1972, 1973, 1974, 1975, 1976, 1977, 1978, 1979, 1980, 1981, 1982, 1983, 1984, 1985, 1986, 1987, 1988, 1989, 1990, 1991, 1992, 1993, 1994, 1995, 1996, 1997, 1998, 1999, 2000, 2001, 2002, 2006, 2007, 2008, 2009, 2010, 2011, 2012, 2013, 2014, 2015, 2016, 2017, 2018, 2019, 2020, 2021, 2022"
90,9474000,"GILA RIVER AT KELVIN, AZ.",33.1028404,-110.9765014,1/26/11,6/14/23,111,"1912, 1913, 1914, 1915, 1916, 1917, 1918, 1919, 1920, 1921, 1922, 1923, 1924, 1925, 1926, 1927, 1928, 1929, 1930, 1931, 1932, 1933, 1934, 1935, 1936, 1937, 1938, 1939, 1940, 1941, 1942, 1943, 1944, 1945, 1946, 1947, 1948, 1949, 1950, 1951, 1952, 1953, 1954, 1955, 1956, 1957, 1958, 1959, 1960, 1961, 1962, 1963, 1964, 1965, 1966, 1967, 1968, 1969, 1970, 1971, 1972, 1973, 1974, 1975, 1976, 1977, 1978, 1979, 1980, 1981, 1982, 1983, 1984, 1985, 1986, 1987, 1988, 1989, 1990, 1991, 1992, 1993, 1994, 1995, 1996, 1997, 1998, 1999, 2000, 2001, 2002, 2003, 2004, 2005, 2006, 2007, 2008, 2009, 2010, 2011, 2012, 2013, 2014, 2015, 2016, 2017, 2018, 2019, 2020, 2021, 2022"
91,9475500,"FLORENCE-CASA GRANDE CANAL, NEAR FLORENCE, AZ.",33.0875614,-111.2867865,9/5/84,6/14/23,38,"1985, 1986, 1987, 1988, 1989, 1990, 1991, 1992, 1993, 1994, 1995, 1996, 1997, 1998, 1999, 2000, 2001, 2002, 2003, 2004, 2005, 2006, 2007, 2008, 2009, 2010, 2011, 2012, 2013, 2014, 2015, 2016, 2017, 2018, 2019, 2020, 2021, 2022"
92,9479500,"GILA RIVER NEAR LAVEEN, ARIZ.",33.2569917,-112.1670934,1/1/40,6/18/95,53,"1940, 1941, 1942, 1943, 1944, 1945, 1948, 1949, 1950, 1951, 1952, 1953, 1954, 1955, 1956, 1957, 1958, 1959, 1960, 1961, 1962, 1963, 1964, 1965, 1966, 1967, 1968, 1969, 1970, 1971, 1972, 1973, 1974, 1975, 1976, 1977, 1978, 1979, 1980, 1981, 1982, 1983, 1984, 1985, 1986, 1987, 1988, 1989, 1990, 1991, 1992, 1993, 1994"
93,9480000,"SANTA CRUZ RIVER NEAR LOCHIEL, AZ",31.35537817,-110.5895264,1/1/49,6/14/23,68,"1949, 1950, 1951, 1952, 1953, 1954, 1955, 1956, 1957, 1958, 1959, 1960, 1961, 1962, 1963, 1964, 1965, 1966, 1967, 1968, 1969, 1970, 1971, 1972, 1973, 1974, 1975, 1976, 1977, 1978, 1979, 1980, 1981, 1982, 1983, 1984, 1985, 1986, 1987, 1988, 1989, 1990, 1991, 1992, 1993, 1994, 1995, 1996, 1997, 1998, 1999, 2000, 2001, 2002, 2003, 2004, 2005, 2006, 2007, 2008, 2009, 2010, 2011, 2012, 2013, 2020, 2021, 2022"
94,9480500,"SANTA CRUZ RIVER NEAR NOGALES, AZ.",31.3445443,-110.851474,1/1/13,6/14/23,95,"1913, 1914, 1917, 1918, 1919, 1931, 1932, 1933, 1936, 1937, 1938, 1939, 1940, 1941, 1942, 1943, 1944, 1945, 1946, 1947, 1948, 1949, 1950, 1951, 1952, 1953, 1954, 1955, 1956, 1957, 1958, 1959, 1960, 1961, 1962, 1963, 1964, 1965, 1966, 1967, 1968, 1969, 1970, 1971, 1972, 1973, 1974, 1975, 1976, 1977, 1978, 1979, 1980, 1981, 1982, 1983, 1984, 1985, 1986, 1987, 1988, 1989, 1990, 1991, 1992, 1993, 1994, 1995, 1996, 1997, 1998, 1999, 2000, 2001, 2002, 2003, 2004, 2005, 2006, 2007, 2008, 2009, 2010, 2011, 2012, 2013, 2014, 2015, 2016, 2017, 2018, 2019, 2020, 2021, 2022"
95,9481000,"NOGALES WASH AT NOGALES, AZ",31.3432722,-110.9316722,4/1/32,10/11/22,12,"1933, 2011, 2012, 2013, 2014, 2015, 2016, 2017, 2018, 2019, 2020, 2021"
96,9481500,"SONOITA CREEK NEAR PATAGONIA, ARIZ.",31.49981633,-110.8181418,6/1/30,9/29/72,39,"1931, 1932, 1933, 1936, 1937, 1938, 1939, 1940, 1941, 1942, 1943, 1944, 1945, 1946, 1947, 1948, 1949, 1950, 1951, 1952, 1953, 1954, 1955, 1956, 1957, 1958, 1959, 1960, 1961, 1962, 1963, 1964, 1965, 1966, 1967, 1968, 1969, 1970, 1971"
97,9481740,"SANTA CRUZ RIVER AT TUBAC, AZ.",31.61286778,-111.0414792,9/23/95,6/14/23,27,"1996, 1997, 1998, 1999, 2000, 2001, 2002, 2003, 2004, 2005, 2006, 2007, 2008, 2009, 2010, 2011, 2012, 2013, 2014, 2015, 2016, 2017, 2018, 2019, 2020, 2021, 2022"
98,9484000,"SABINO CREEK NEAR TUCSON, AZ",32.3147222,-110.8109167,6/27/32,6/14/23,75,"1933, 1934, 1935, 1936, 1937, 1938, 1939, 1940, 1941, 1942, 1943, 1944, 1945, 1946, 1947, 1948, 1949, 1950, 1951, 1952, 1953, 1954, 1955, 1956, 1957, 1958, 1959, 1960, 1961, 1962, 1963, 1964, 1965, 1966, 1967, 1968, 1969, 1970, 1971, 1972, 1973, 1989, 1990, 1991, 1992, 1993, 1994, 1995, 1996, 1997, 1998, 1999, 2000, 2001, 2002, 2003, 2004, 2005, 2006, 2007, 2008, 2009, 2010, 2011, 2012, 2013, 2014, 2015, 2016, 2017, 2018, 2019, 2020, 2021, 2022"
99,9484200,"BEAR CREEK NEAR TUCSON, ARIZ.",32.3061867,-110.8014776,10/1/59,9/29/74,14,"1960, 1961, 1962, 1963, 1964, 1965, 1966, 1967, 1968, 1969, 1970, 1971, 1972, 1973"
100,9484500,"TANQUE VERDE CREEK AT TUCSON, AZ.",32.26535338,-110.841199,6/1/40,6/14/23,37,"1941, 1942, 1943, 1944, 1945, 1991, 1992, 1993, 1994, 1995, 1996, 1997, 1998, 1999, 2000, 2001, 2002, 2003, 2004, 2005, 2006, 2007, 2008, 2009, 2010, 2011, 2012, 2013, 2014, 2015, 2016, 2017, 2018, 2019, 2020, 2021, 2022"
101,9484550,"CIENEGA CREEK NEAR SONOITA, AZ.",31.86555556,-110.57,8/18/01,6/14/23,21,"2002, 2003, 2004, 2005, 2006, 2007, 2008, 2009, 2010, 2011, 2012, 2013, 2014, 2015, 2016, 2017, 2018, 2019, 2020, 2021, 2022"
102,9484600,"PANTANO WASH NEAR VAIL, AZ.",32.0359141,-110.6775818,1/1/59,6/14/23,48,"1959, 1960, 1961, 1962, 1963, 1964, 1965, 1966, 1967, 1968, 1969, 1970, 1971, 1972, 1973, 1990, 1991, 1992, 1993, 1994, 1995, 1996, 1997, 1998, 1999, 2000, 2001, 2002, 2003, 2004, 2005, 2006, 2007, 2008, 2009, 2010, 2011, 2012, 2013, 2014, 2015, 2016, 2017, 2018, 2019, 2020, 2021, 2022"
103,9485000,"RINCON CREEK NEAR TUCSON, AZ.",32.12952258,-110.625914,10/1/52,6/14/23,54,"1953, 1954, 1955, 1956, 1957, 1958, 1959, 1960, 1961, 1962, 1963, 1964, 1965, 1966, 1967, 1968, 1969, 1970, 1971, 1972, 1973, 1988, 1989, 1990, 1991, 1992, 1993, 1994, 1995, 1996, 1997, 1998, 1999, 2000, 2001, 2002, 2003, 2006, 2007, 2008, 2009, 2010, 2011, 2012, 2013, 2014, 2015, 2016, 2017, 2018, 2019, 2020, 2021, 2022"
104,9486500,"SANTA CRUZ RIVER AT CORTARO, AZ",32.3511849,-111.0945447,10/1/39,6/14/23,70,"1940, 1941, 1942, 1943, 1944, 1945, 1946, 1951, 1952, 1953, 1954, 1955, 1956, 1957, 1958, 1959, 1960, 1961, 1962, 1963, 1964, 1965, 1966, 1967, 1968, 1969, 1970, 1971, 1972, 1973, 1974, 1975, 1976, 1977, 1978, 1979, 1980, 1981, 1991, 1992, 1993, 1994, 1995, 1996, 1997, 1998, 1999, 2000, 2001, 2002, 2003, 2004, 2005, 2006, 2007, 2008, 2009, 2010, 2011, 2012, 2013, 2014, 2015, 2016, 2017, 2018, 2019, 2020, 2021, 2022"
105,9486520,"SANTA CRUZ RIVER AT TRICO ROAD, NR MARANA, AZ.",32.47145874,-111.3076074,4/1/89,6/14/23,33,"1990, 1991, 1992, 1993, 1994, 1995, 1996, 1997, 1998, 1999, 2000, 2001, 2002, 2003, 2004, 2005, 2006, 2007, 2008, 2009, 2010, 2011, 2012, 2013, 2014, 2015, 2016, 2017, 2018, 2019, 2020, 2021, 2022"
106,9489070,"NORTH FORK OF EAST FORK BLACK R NR ALPINE, AZ",33.90310584,-109.3228616,6/10/65,9/29/78,12,"1966, 1967, 1968, 1969, 1970, 1971, 1972, 1973, 1974, 1975, 1976, 1977"
107,9489100,"BLACK RIVER NEAR MAVERICK, ARIZ.",33.70755199,-109.4473074,10/1/62,10/17/82,19,"1963, 1964, 1965, 1966, 1967, 1968, 1969, 1970, 1971, 1972, 1973, 1974, 1975, 1976, 1977, 1978, 1979, 1980, 1981"
108,9489200,"PACHETA CREEK AT MAVERICK, AZ",33.73977345,-109.5406442,10/1/57,9/29/80,22,"1958, 1959, 1960, 1961, 1962, 1963, 1964, 1965, 1966, 1967, 1968, 1969, 1970, 1971, 1972, 1973, 1974, 1975, 1976, 1977, 1978, 1979"
109,9489499,"BLACK R AB WILLOW CR DIV NR POINT OF PINES, AZ",33.48144254,-109.7531442,6/1/53,9/29/89,35,"1954, 1955, 1956, 1957, 1958, 1959, 1960, 1961, 1962, 1963, 1964, 1965, 1966, 1967, 1968, 1969, 1970, 1971, 1972, 1973, 1974, 1975, 1976, 1977, 1978, 1979, 1980, 1981, 1982, 1983, 1984, 1985, 1986, 1987, 1988"
110,9489500,"BLACK RVR BLW PUMPING PLANT, NR POINT OF PINES, AZ",33.47672039,-109.7639775,6/1/53,6/14/23,69,"1954, 1955, 1956, 1957, 1958, 1959, 1960, 1961, 1962, 1963, 1964, 1965, 1966, 1967, 1968, 1969, 1970, 1971, 1972, 1973, 1974, 1975, 1976, 1977, 1978, 1979, 1980, 1981, 1982, 1983, 1984, 1985, 1986, 1987, 1988, 1989, 1990, 1991, 1992, 1993, 1994, 1995, 1996, 1997, 1998, 1999, 2000, 2001, 2002, 2003, 2004, 2005, 2006, 2007, 2008, 2009, 2010, 2011, 2012, 2013, 2014, 2015, 2016, 2017, 2018, 2019, 2020, 2021, 2022"
111,9489700,"BIG BONITO C NR FORT APACHE, ARIZ.",33.6672744,-109.8467605,10/1/57,9/29/81,23,"1958, 1959, 1960, 1961, 1962, 1963, 1964, 1965, 1966, 1967, 1968, 1969, 1970, 1971, 1972, 1973, 1974, 1975, 1976, 1977, 1978, 1979, 1980"
112,9490500,"BLACK RIVER NEAR FORT APACHE, AZ.",33.71282949,-110.2117674,11/24/12,6/14/23,66,"1914, 1958, 1959, 1960, 1961, 1962, 1963, 1964, 1965, 1966, 1967, 1968, 1969, 1970, 1971, 1972, 1973, 1974, 1975, 1976, 1977, 1978, 1979, 1980, 1981, 1982, 1983, 1984, 1985, 1986, 1987, 1988, 1989, 1990, 1991, 1992, 1993, 1994, 1995, 1996, 1997, 1998, 1999, 2000, 2001, 2002, 2003, 2004, 2005, 2006, 2007, 2008, 2009, 2010, 2011, 2012, 2013, 2014, 2015, 2016, 2017, 2018, 2019, 2020, 2021, 2022"
113,9490800,"NORTH FORK WHITE RIVER NR. GREER, ARIZ.",34.01393579,-109.6423184,6/4/65,9/29/78,12,"1966, 1967, 1968, 1969, 1970, 1971, 1972, 1973, 1974, 1975, 1976, 1977"
114,9492400,"EAST FORK WHITE RIVER NEAR FORT APACHE, AZ.",33.8222723,-109.8145413,8/1/57,6/14/23,65,"1958, 1959, 1960, 1961, 1962, 1963, 1964, 1965, 1966, 1967, 1968, 1969, 1970, 1971, 1972, 1973, 1974, 1975, 1976, 1977, 1978, 1979, 1980, 1981, 1982, 1983, 1984, 1985, 1986, 1987, 1988, 1989, 1990, 1991, 1992, 1993, 1994, 1995, 1996, 1997, 1998, 1999, 2000, 2001, 2002, 2003, 2004, 2005, 2006, 2007, 2008, 2009, 2010, 2011, 2012, 2013, 2014, 2015, 2016, 2017, 2018, 2019, 2020, 2021, 2022"
115,9494000,"WHITE RIVER NEAR FORT APACHE, AZ.",33.73644059,-110.166767,10/1/17,6/14/23,65,"1958, 1959, 1960, 1961, 1962, 1963, 1964, 1965, 1966, 1967, 1968, 1969, 1970, 1971, 1972, 1973, 1974, 1975, 1976, 1977, 1978, 1979, 1980, 1981, 1982, 1983, 1984, 1985, 1986, 1987, 1988, 1989, 1990, 1991, 1992, 1993, 1994, 1995, 1996, 1997, 1998, 1999, 2000, 2001, 2002, 2003, 2004, 2005, 2006, 2007, 2008, 2009, 2010, 2011, 2012, 2013, 2014, 2015, 2016, 2017, 2018, 2019, 2020, 2021, 2022"
116,9494300,"CARRIZO C AB CORDUROY C NR SHOW LOW, ARIZ.",34.00004739,-110.2895533,10/1/53,6/30/67,13,"1954, 1955, 1956, 1957, 1958, 1959, 1960, 1961, 1962, 1963, 1964, 1965, 1966"
117,9495000,"FORESTDALE CR DIV FROM SHOW LOW CR NR SHOW LOW, AZ",34.1778208,-110.0162198,5/1/53,9/29/05,51,"1954, 1955, 1956, 1957, 1958, 1959, 1960, 1961, 1962, 1963, 1964, 1965, 1966, 1967, 1968, 1969, 1970, 1971, 1972, 1973, 1974, 1975, 1976, 1977, 1978, 1979, 1980, 1981, 1982, 1983, 1984, 1985, 1986, 1987, 1988, 1989, 1990, 1991, 1992, 1993, 1994, 1995, 1996, 1997, 1998, 1999, 2000, 2001, 2002, 2003, 2004"
118,9496000,"CORDUROY CREEK NEAR MOUTH NEAR SHOW LOW, AZ",34.01838007,-110.242331,9/11/51,9/29/05,24,"1952, 1953, 1954, 1955, 1956, 1957, 1958, 1959, 1960, 1961, 1962, 1963, 1964, 1965, 1966, 1967, 1968, 1969, 1970, 1971, 1972, 1973, 1974, 2004"
119,9496500,"CARRIZO CREEK NEAR SHOW LOW, AZ.",33.9858809,-110.2809417,6/22/51,6/14/23,61,"1952, 1953, 1954, 1955, 1956, 1957, 1958, 1959, 1960, 1968, 1969, 1970, 1971, 1972, 1973, 1974, 1978, 1979, 1980, 1981, 1982, 1983, 1984, 1985, 1986, 1987, 1988, 1989, 1990, 1991, 1992, 1993, 1994, 1995, 1996, 1997, 1998, 1999, 2000, 2001, 2002, 2003, 2004, 2005, 2006, 2007, 2008, 2009, 2010, 2011, 2012, 2013, 2014, 2015, 2016, 2017, 2018, 2019, 2020, 2021, 2022"
120,9497500,"SALT RIVER NEAR CHRYSOTILE, AZ",33.79810588,-110.4998292,9/18/24,6/14/23,98,"1925, 1926, 1927, 1928, 1929, 1930, 1931, 1932, 1933, 1934, 1935, 1936, 1937, 1938, 1939, 1940, 1941, 1942, 1943, 1944, 1945, 1946, 1947, 1948, 1949, 1950, 1951, 1952, 1953, 1954, 1955, 1956, 1957, 1958, 1959, 1960, 1961, 1962, 1963, 1964, 1965, 1966, 1967, 1968, 1969, 1970, 1971, 1972, 1973, 1974, 1975, 1976, 1977, 1978, 1979, 1980, 1981, 1982, 1983, 1984, 1985, 1986, 1987, 1988, 1989, 1990, 1991, 1992, 1993, 1994, 1995, 1996, 1997, 1998, 1999, 2000, 2001, 2002, 2003, 2004, 2005, 2006, 2007, 2008, 2009, 2010, 2011, 2012, 2013, 2014, 2015, 2016, 2017, 2018, 2019, 2020, 2021, 2022"
121,9497800,"CIBECUE CREEK NEAR CHRYSOTILE, AZ",33.8431053,-110.5576092,5/15/59,6/14/23,63,"1960, 1961, 1962, 1963, 1964, 1965, 1966, 1967, 1968, 1969, 1970, 1971, 1972, 1973, 1974, 1975, 1976, 1977, 1978, 1979, 1980, 1981, 1982, 1983, 1984, 1985, 1986, 1987, 1988, 1989, 1990, 1991, 1992, 1993, 1994, 1995, 1996, 1997, 1998, 1999, 2000, 2001, 2002, 2003, 2004, 2005, 2006, 2007, 2008, 2009, 2010, 2011, 2012, 2013, 2014, 2015, 2016, 2017, 2018, 2019, 2020, 2021, 2022"
122,9497900,"CHERRY CREEK NEAR YOUNG, AZ",34.0828216,-110.92429,8/7/63,9/29/77,13,"1964, 1965, 1966, 1967, 1968, 1969, 1970, 1971, 1972, 1973, 1974, 1975, 1976"
123,9497980,"CHERRY CREEK NEAR GLOBE, AZ",33.8278262,-110.8562266,5/4/65,6/14/23,56,"1966, 1967, 1968, 1969, 1970, 1971, 1972, 1973, 1974, 1975, 1976, 1977, 1978, 1980, 1981, 1982, 1983, 1984, 1985, 1986, 1987, 1988, 1989, 1990, 1991, 1992, 1993, 1994, 1995, 1996, 1997, 1998, 1999, 2000, 2001, 2002, 2003, 2004, 2005, 2006, 2007, 2008, 2009, 2010, 2011, 2012, 2013, 2014, 2015, 2016, 2017, 2018, 2019, 2020, 2021, 2022"
124,9498400,"PINAL CREEK AT INSPIRATION DAM, NR GLOBE, AZ.",33.5731068,-110.9012251,7/24/80,6/14/23,42,"1981, 1982, 1983, 1984, 1985, 1986, 1987, 1988, 1989, 1990, 1991, 1992, 1993, 1994, 1995, 1996, 1997, 1998, 1999, 2000, 2001, 2002, 2003, 2004, 2005, 2006, 2007, 2008, 2009, 2010, 2011, 2012, 2013, 2014, 2015, 2016, 2017, 2018, 2019, 2020, 2021, 2022"
125,9498500,"SALT RIVER NEAR ROOSEVELT, AZ",33.6194949,-110.9215037,10/1/13,6/14/23,109,"1914, 1915, 1916, 1917, 1918, 1919, 1920, 1921, 1922, 1923, 1924, 1925, 1926, 1927, 1928, 1929, 1930, 1931, 1932, 1933, 1934, 1935, 1936, 1937, 1938, 1939, 1940, 1941, 1942, 1943, 1944, 1945, 1946, 1947, 1948, 1949, 1950, 1951, 1952, 1953, 1954, 1955, 1956, 1957, 1958, 1959, 1960, 1961, 1962, 1963, 1964, 1965, 1966, 1967, 1968, 1969, 1970, 1971, 1972, 1973, 1974, 1975, 1976, 1977, 1978, 1979, 1980, 1981, 1982, 1983, 1984, 1985, 1986, 1987, 1988, 1989, 1990, 1991, 1992, 1993, 1994, 1995, 1996, 1997, 1998, 1999, 2000, 2001, 2002, 2003, 2004, 2005, 2006, 2007, 2008, 2009, 2010, 2011, 2012, 2013, 2014, 2015, 2016, 2017, 2018, 2019, 2020, 2021, 2022"
126,9498501,"PINTO CREEK BLW HAUNTED CANYON NR MIAMI, AZ",33.41866469,-111.0095609,10/1/95,6/14/23,27,"1996, 1997, 1998, 1999, 2000, 2001, 2002, 2003, 2004, 2005, 2006, 2007, 2008, 2009, 2010, 2011, 2012, 2013, 2014, 2015, 2016, 2017, 2018, 2019, 2020, 2021, 2022"
127,9498502,"PINTO CREEK NEAR MIAMI, AZ",33.4878297,-110.9953942,9/30/94,6/14/23,26,"1995, 1996, 1997, 1998, 1999, 2000, 2001, 2002, 2003, 2004, 2005, 2006, 2007, 2008, 2009, 2010, 2011, 2012, 2013, 2014, 2015, 2018, 2019, 2020, 2021, 2022"
128,9498503,"SOUTH FORK PARKER CREEK NEAR ROOSEVELT, AZ",33.79726985,-110.9603953,11/16/85,6/14/23,35,"1986, 1987, 1988, 1989, 1990, 1991, 1992, 1995, 1996, 1997, 1998, 1999, 2000, 2001, 2002, 2003, 2004, 2005, 2006, 2007, 2008, 2009, 2010, 2011, 2012, 2013, 2014, 2015, 2016, 2017, 2018, 2019, 2020, 2021, 2022"
129,9498800,"TONTO CREEK NEAR GISELA, ARIZ.",34.1289271,-111.2554106,12/1/64,9/29/75,10,"1965, 1966, 1967, 1968, 1969, 1970, 1971, 1972, 1973, 1974"
130,9498870,"RYE CREEK NR GISELA, ARIZ.",34.0333735,-111.292355,12/9/65,9/29/85,19,"1966, 1967, 1968, 1969, 1970, 1971, 1972, 1973, 1974, 1975, 1976, 1977, 1978, 1979, 1980, 1981, 1982, 1983, 1984"
131,9499000,"TONTO CREEK ABOVE GUN CREEK, NEAR ROOSEVELT, AZ",33.9800413,-111.3034659,12/21/40,6/14/23,82,"1941, 1942, 1943, 1944, 1945, 1946, 1947, 1948, 1949, 1950, 1951, 1952, 1953, 1954, 1955, 1956, 1957, 1958, 1959, 1960, 1961, 1962, 1963, 1964, 1965, 1966, 1967, 1968, 1969, 1970, 1971, 1972, 1973, 1974, 1975, 1976, 1977, 1978, 1979, 1980, 1981, 1982, 1983, 1984, 1985, 1986, 1987, 1988, 1989, 1990, 1991, 1992, 1993, 1994, 1995, 1996, 1997, 1998, 1999, 2000, 2001, 2002, 2003, 2004, 2005, 2006, 2007, 2008, 2009, 2010, 2011, 2012, 2013, 2014, 2015, 2016, 2017, 2018, 2019, 2020, 2021, 2022"
132,9499500,TONTO C NR ROOSEVELT ARIZ,33.8667103,-111.3006866,10/1/13,12/31/40,27,"1914, 1915, 1916, 1917, 1918, 1919, 1920, 1921, 1922, 1923, 1924, 1925, 1926, 1927, 1928, 1929, 1930, 1931, 1932, 1933, 1934, 1935, 1936, 1937, 1938, 1939, 1940"
133,9502000,"SALT RIVER BLW STEWART MOUNTAIN DAM, AZ.",33.55282304,-111.5765243,10/1/34,6/14/23,83,"1935, 1936, 1937, 1938, 1939, 1940, 1941, 1942, 1943, 1944, 1945, 1946, 1947, 1948, 1949, 1950, 1951, 1952, 1953, 1954, 1955, 1956, 1957, 1958, 1959, 1960, 1961, 1962, 1963, 1964, 1965, 1966, 1967, 1968, 1969, 1970, 1971, 1972, 1973, 1974, 1975, 1976, 1977, 1978, 1984, 1985, 1986, 1987, 1988, 1989, 1990, 1991, 1992, 1993, 1994, 1995, 1996, 1997, 1998, 1999, 2000, 2001, 2002, 2003, 2004, 2005, 2006, 2007, 2008, 2009, 2010, 2011, 2012, 2013, 2014, 2015, 2016, 2017, 2018, 2019, 2020, 2021, 2022"
134,9502800,"WILLIAMSON VALLEY WASH NEAR PAULDEN, AZ",34.8666865,-112.6132308,3/26/65,6/14/23,40,"1966, 1967, 1968, 1969, 1970, 1971, 1972, 1973, 1974, 1975, 1976, 1977, 1978, 1979, 1980, 1981, 1982, 1983, 1984, 2002, 2003, 2004, 2005, 2006, 2007, 2008, 2009, 2010, 2011, 2012, 2013, 2014, 2015, 2016, 2017, 2018, 2019, 2020, 2021, 2022"
135,9502900,"DEL RIO SPRINGS NEAR CHINO VALLEY, AZ",34.8255769,-112.4446148,8/9/96,6/14/23,26,"1997, 1998, 1999, 2000, 2001, 2002, 2003, 2004, 2005, 2006, 2007, 2008, 2009, 2010, 2011, 2012, 2013, 2014, 2015, 2016, 2017, 2018, 2019, 2020, 2021, 2022"
136,9502960,"GRANITE CREEK AT PRESCOTT, AZ",34.55196864,-112.4623913,11/16/94,6/14/23,28,"1995, 1996, 1997, 1998, 1999, 2000, 2001, 2002, 2003, 2004, 2005, 2006, 2007, 2008, 2009, 2010, 2011, 2012, 2013, 2014, 2015, 2016, 2017, 2018, 2019, 2020, 2021, 2022"
137,9503000,"GRANITE CREEK NEAR PRESCOTT, AZ",34.56307975,-112.4448909,7/1/32,6/14/23,42,"1933, 1934, 1935, 1936, 1937, 1938, 1939, 1940, 1941, 1942, 1943, 1944, 1945, 1946, 1995, 1996, 1997, 1998, 1999, 2000, 2001, 2002, 2003, 2004, 2005, 2006, 2007, 2008, 2009, 2010, 2011, 2012, 2013, 2014, 2015, 2016, 2017, 2018, 2019, 2020, 2021, 2022"
138,9503300,"GRANITE CREEK BELOW WATSON LAKE NEAR PRESCOTT, AZ",34.6136111,-112.4172222,9/16/99,6/14/23,23,"2000, 2001, 2002, 2003, 2004, 2005, 2006, 2007, 2008, 2009, 2010, 2011, 2012, 2013, 2014, 2015, 2016, 2017, 2018, 2019, 2020, 2021, 2022"
139,9503700,"VERDE RIVER NEAR PAULDEN, AZ",34.89502016,-112.3429468,7/17/63,6/14/23,59,"1964, 1965, 1966, 1967, 1968, 1969, 1970, 1971, 1972, 1973, 1974, 1975, 1976, 1977, 1978, 1979, 1980, 1981, 1982, 1983, 1984, 1985, 1986, 1987, 1988, 1989, 1990, 1991, 1992, 1993, 1994, 1995, 1996, 1997, 1998, 1999, 2000, 2001, 2002, 2003, 2004, 2005, 2006, 2007, 2008, 2009, 2010, 2011, 2012, 2013, 2014, 2015, 2016, 2017, 2018, 2019, 2020, 2021, 2022"
140,9504000,"VERDE RIVER NEAR CLARKDALE, AZ",34.8522416,-112.065994,6/18/15,6/14/23,60,"1918, 1919, 1920, 1966, 1967, 1968, 1969, 1970, 1971, 1972, 1973, 1974, 1975, 1976, 1977, 1978, 1979, 1980, 1981, 1982, 1983, 1984, 1985, 1986, 1987, 1988, 1989, 1990, 1991, 1992, 1993, 1994, 1995, 1996, 1997, 1998, 1999, 2000, 2001, 2002, 2003, 2004, 2005, 2006, 2007, 2008, 2009, 2010, 2011, 2012, 2013, 2014, 2015, 2016, 2017, 2018, 2019, 2020, 2021, 2022"
141,9504420,"OAK CREEK NEAR SEDONA, AZ",34.86168418,-111.7618227,10/1/81,6/14/23,41,"1982, 1983, 1984, 1985, 1986, 1987, 1988, 1989, 1990, 1991, 1992, 1993, 1994, 1995, 1996, 1997, 1998, 1999, 2000, 2001, 2002, 2003, 2004, 2005, 2006, 2007, 2008, 2009, 2010, 2011, 2012, 2013, 2014, 2015, 2016, 2017, 2018, 2019, 2020, 2021, 2022"
142,9504430,"OAK CREEK AT SEDONA, AZ",34.86168418,-111.7618227,10/1/81,9/29/95,13,"1982, 1983, 1984, 1985, 1986, 1987, 1988, 1989, 1990, 1991, 1992, 1993, 1994"
143,9504500,"OAK CREEK NEAR CORNVILLE, AZ",34.76446436,-111.8909885,7/1/40,6/14/23,78,"1941, 1942, 1943, 1944, 1949, 1950, 1951, 1952, 1953, 1954, 1955, 1956, 1957, 1958, 1959, 1960, 1961, 1962, 1963, 1964, 1965, 1966, 1967, 1968, 1969, 1970, 1971, 1972, 1973, 1974, 1975, 1976, 1977, 1978, 1979, 1980, 1981, 1982, 1983, 1984, 1985, 1986, 1987, 1988, 1989, 1990, 1991, 1992, 1993, 1994, 1995, 1996, 1997, 1998, 1999, 2000, 2001, 2002, 2003, 2004, 2005, 2006, 2007, 2008, 2009, 2010, 2011, 2012, 2013, 2014, 2015, 2016, 2017, 2018, 2019, 2020, 2021, 2022"
144,9505200,"WET BEAVER CREEK NEAR RIMROCK, AZ",34.67474409,-111.672094,10/1/61,6/14/23,55,"1962, 1963, 1964, 1965, 1966, 1967, 1968, 1969, 1970, 1971, 1972, 1973, 1974, 1975, 1976, 1977, 1978, 1979, 1980, 1981, 1986, 1989, 1990, 1991, 1992, 1993, 1994, 1995, 1996, 1997, 1998, 1999, 2000, 2001, 2002, 2003, 2004, 2005, 2006, 2007, 2008, 2009, 2010, 2011, 2012, 2013, 2014, 2015, 2016, 2017, 2018, 2019, 2020, 2021, 2022"
145,9505300,"RATTLESNAKE CANYON NEAR RIMROCK, AZ",34.76696436,-111.6737629,6/9/57,9/29/80,22,"1958, 1959, 1960, 1961, 1962, 1963, 1964, 1965, 1966, 1967, 1968, 1969, 1970, 1971, 1972, 1973, 1974, 1975, 1976, 1977, 1978, 1979"
146,9505350,"DRY BEAVER CREEK NEAR RIMROCK, AZ",34.72863146,-111.775708,10/1/60,6/14/23,62,"1961, 1962, 1963, 1964, 1965, 1966, 1967, 1968, 1969, 1970, 1971, 1972, 1973, 1974, 1975, 1976, 1977, 1978, 1979, 1980, 1981, 1982, 1983, 1984, 1985, 1986, 1987, 1988, 1989, 1990, 1991, 1992, 1993, 1994, 1995, 1996, 1997, 1998, 1999, 2000, 2001, 2002, 2003, 2004, 2005, 2006, 2007, 2008, 2009, 2010, 2011, 2012, 2013, 2014, 2015, 2016, 2017, 2018, 2019, 2020, 2021, 2022"
147,9505800,"WEST CLEAR CREEK NEAR CAMP VERDE, AZ",34.53863606,-111.6940356,12/5/64,6/14/23,58,"1965, 1966, 1967, 1968, 1969, 1970, 1971, 1972, 1973, 1974, 1975, 1976, 1977, 1978, 1979, 1980, 1981, 1982, 1983, 1984, 1985, 1986, 1987, 1988, 1989, 1990, 1991, 1992, 1993, 1994, 1995, 1996, 1997, 1998, 1999, 2000, 2001, 2002, 2003, 2004, 2005, 2006, 2007, 2008, 2009, 2010, 2011, 2012, 2013, 2014, 2015, 2016, 2017, 2018, 2019, 2020, 2021, 2022"
148,9506000,"VERDE RIVER NEAR CAMP VERDE, AZ",34.4483605,-111.7898705,4/1/34,6/14/23,44,"1935, 1936, 1937, 1938, 1939, 1940, 1941, 1942, 1943, 1944, 1989, 1990, 1991, 1992, 1993, 1994, 1995, 1996, 1997, 1998, 1999, 2000, 2001, 2002, 2003, 2004, 2005, 2006, 2007, 2008, 2009, 2010, 2011, 2012, 2013, 2014, 2015, 2016, 2017, 2018, 2019, 2020, 2021, 2022"
149,9507480,"FOSSIL CREEK NEAR STRAWBERRY, AZ",34.39430556,-111.63,9/30/10,6/14/23,12,"2011, 2012, 2013, 2014, 2015, 2016, 2017, 2018, 2019, 2020, 2021, 2022"
150,9507500,"FOSSIL CR DIV TO CHILDS POWERPLANT, NR CAMP VERDE",34.3683626,-111.6662568,1/1/52,12/31/04,53,"1952, 1953, 1954, 1955, 1956, 1957, 1958, 1959, 1960, 1961, 1962, 1963, 1964, 1965, 1966, 1967, 1968, 1969, 1970, 1971, 1972, 1973, 1974, 1975, 1976, 1977, 1978, 1979, 1980, 1981, 1982, 1983, 1984, 1985, 1986, 1987, 1988, 1989, 1990, 1991, 1992, 1993, 1994, 1995, 1996, 1997, 1998, 1999, 2000, 2001, 2002, 2003, 2004"
151,9507580,"EAST VERDE R DIV FROM EAST CLEAR CR NR PINE, AZ",34.41780739,-111.2637469,10/21/65,6/14/23,57,"1966, 1967, 1968, 1969, 1970, 1971, 1972, 1973, 1974, 1975, 1976, 1977, 1978, 1979, 1980, 1981, 1982, 1983, 1984, 1985, 1986, 1987, 1988, 1989, 1990, 1991, 1992, 1993, 1994, 1995, 1996, 1997, 1998, 1999, 2000, 2001, 2002, 2003, 2004, 2005, 2006, 2007, 2008, 2009, 2010, 2011, 2012, 2013, 2014, 2015, 2016, 2017, 2018, 2019, 2020, 2021, 2022"
152,9507700,"WEBBER CR AB WEST FORK WEBBER CR N PINE, AZ",34.41114028,-111.3729165,7/1/59,9/29/74,14,"1960, 1961, 1962, 1963, 1964, 1965, 1966, 1967, 1968, 1969, 1970, 1971, 1972, 1973"
153,9507980,"EAST VERDE RIVER NEAR CHILDS, AZ",34.27642068,-111.6387561,9/1/61,6/14/23,54,"1962, 1963, 1964, 1965, 1968, 1969, 1970, 1971, 1972, 1973, 1974, 1975, 1976, 1977, 1978, 1979, 1980, 1981, 1982, 1983, 1984, 1985, 1986, 1987, 1988, 1989, 1990, 1991, 1992, 1993, 1994, 1995, 1996, 1997, 1998, 1999, 2000, 2001, 2002, 2003, 2004, 2007, 2008, 2009, 2010, 2011, 2012, 2013, 2014, 2015, 2016, 2017, 2018, 2019"
154,9508000,"VERDE RIVER BELOW EAST VERDE RIVER NEAR CHILDS, AZ",34.2635583,-111.6815278,6/22/34,6/14/23,11,"1935, 1936, 1937, 1938, 1939, 1940, 1986, 1987, 1988, 1989, 1990"
155,9508300,"WET BOTTOM CREEK NEAR CHILDS, AZ",34.16086787,-111.6929235,6/4/67,6/14/23,55,"1968, 1969, 1970, 1971, 1972, 1973, 1974, 1975, 1976, 1977, 1978, 1979, 1980, 1981, 1982, 1983, 1984, 1985, 1986, 1987, 1988, 1989, 1990, 1991, 1992, 1993, 1994, 1995, 1996, 1997, 1998, 1999, 2000, 2001, 2002, 2003, 2004, 2005, 2006, 2007, 2008, 2009, 2010, 2011, 2012, 2013, 2014, 2015, 2016, 2017, 2018, 2019, 2020, 2021, 2022"
156,9508500,"VERDE RVR BLW TANGLE CREEK, ABV HORSESHOE DAM, AZ",34.0730922,-111.7162569,8/22/45,6/14/23,57,"1946, 1947, 1948, 1949, 1950, 1951, 1952, 1953, 1954, 1955, 1956, 1957, 1958, 1959, 1960, 1961, 1962, 1963, 1964, 1965, 1966, 1967, 1968, 1969, 1970, 1971, 1972, 1973, 1974, 1975, 1976, 1977, 1978, 1979, 1980, 1981, 1982, 1983, 1984, 1985, 2006, 2007, 2008, 2009, 2010, 2011, 2012, 2013, 2014, 2015, 2016, 2017, 2018, 2019, 2020, 2021, 2022"
157,9510000,"VERDE RIVER BELOW BARTLETT DAM, AZ",33.80837509,-111.6634729,1/1/04,6/14/23,115,"1904, 1905, 1906, 1907, 1908, 1909, 1914, 1915, 1916, 1917, 1918, 1919, 1920, 1921, 1922, 1923, 1924, 1925, 1926, 1927, 1928, 1929, 1930, 1931, 1932, 1933, 1934, 1935, 1936, 1937, 1938, 1939, 1940, 1941, 1942, 1943, 1944, 1945, 1946, 1947, 1948, 1949, 1950, 1951, 1952, 1953, 1954, 1955, 1956, 1957, 1958, 1959, 1960, 1961, 1962, 1963, 1964, 1965, 1966, 1967, 1968, 1969, 1970, 1971, 1972, 1973, 1974, 1975, 1976, 1977, 1978, 1979, 1980, 1981, 1982, 1983, 1984, 1985, 1986, 1987, 1988, 1989, 1990, 1991, 1992, 1993, 1994, 1995, 1996, 1997, 1998, 1999, 2000, 2001, 2002, 2003, 2004, 2005, 2006, 2007, 2008, 2009, 2010, 2011, 2012, 2013, 2014, 2015, 2016, 2017, 2018, 2019, 2020, 2021, 2022"
158,9510070,"WF SYCAMORE CR AB MCFAR CAN, N SUNFLOWER, AZ",33.96059568,-111.4873585,10/1/65,5/31/86,11,"1966, 1967, 1968, 1969, 1970, 1971, 1972, 1973, 1983, 1984, 1985"
159,9510080,"WEST FORK SYCAMORE CR NR SUNFLOWER, ARIZ.",33.9458737,-111.4854139,7/14/61,9/29/74,12,"1962, 1963, 1964, 1965, 1966, 1967, 1968, 1969, 1970, 1971, 1972, 1973"
160,9510100,"EAST FORK SYCAMORE CREEK NEAR SUNFLOWER, ARIZ.",33.94948498,-111.4615245,7/1/61,5/31/86,24,"1962, 1963, 1964, 1965, 1966, 1967, 1968, 1969, 1970, 1971, 1972, 1973, 1974, 1975, 1976, 1977, 1978, 1979, 1980, 1981, 1982, 1983, 1984, 1985"
161,9510150,"SYCAMORE CREEK NEAR SUNFLOWER, ARIZ.",33.85143118,-111.45319,10/1/61,9/29/76,14,"1962, 1963, 1964, 1965, 1966, 1967, 1968, 1969, 1970, 1971, 1972, 1973, 1974, 1975"
162,9510200,"SYCAMORE CREEK NEAR FORT MCDOWELL, AZ",33.69421054,-111.541802,10/1/60,6/14/23,62,"1961, 1962, 1963, 1964, 1965, 1966, 1967, 1968, 1969, 1970, 1971, 1972, 1973, 1974, 1975, 1976, 1977, 1978, 1979, 1980, 1981, 1982, 1983, 1984, 1985, 1986, 1987, 1988, 1989, 1990, 1991, 1992, 1993, 1994, 1995, 1996, 1997, 1998, 1999, 2000, 2001, 2002, 2003, 2004, 2005, 2006, 2007, 2008, 2009, 2010, 2011, 2012, 2013, 2014, 2015, 2016, 2017, 2018, 2019, 2020, 2021, 2022"
163,9511300,"VERDE RIVER NEAR SCOTTSDALE, AZ",33.5586557,-111.6693043,2/13/61,6/14/23,58,"1962, 1963, 1964, 1965, 1966, 1967, 1968, 1969, 1970, 1971, 1972, 1973, 1974, 1975, 1976, 1977, 1978, 1979, 1980, 1981, 1982, 1983, 1984, 1985, 1986, 1987, 1988, 1989, 1990, 1991, 1992, 1993, 1994, 1995, 1996, 1997, 1998, 1999, 2000, 2001, 2002, 2003, 2004, 2005, 2006, 2007, 2008, 2012, 2013, 2014, 2015, 2016, 2017, 2018, 2019, 2020, 2021, 2022"
164,9512165,"SALT RIVER AT PRIEST DRIVE NEAR PHOENIX, AZ.",33.43948927,-111.9609781,12/7/93,6/14/23,29,"1994, 1995, 1996, 1997, 1998, 1999, 2000, 2001, 2002, 2003, 2004, 2005, 2006, 2007, 2008, 2009, 2010, 2011, 2012, 2013, 2014, 2015, 2016, 2017, 2018, 2019, 2020, 2021, 2022"
165,9512280,"CAVE CREEK BLW COTTONWOOD CR NEAR CAVE CREEK, AZ.",33.88725977,-111.9540388,10/1/80,6/14/23,42,"1981, 1982, 1983, 1984, 1985, 1986, 1987, 1988, 1989, 1990, 1991, 1992, 1993, 1994, 1995, 1996, 1997, 1998, 1999, 2000, 2001, 2002, 2003, 2004, 2005, 2006, 2007, 2008, 2009, 2010, 2011, 2012, 2013, 2014, 2015, 2016, 2017, 2018, 2019, 2020, 2021, 2022"
166,9512450,"AGUA FRIA RIVER NEAR HUMBOLDT, AZ",34.48527778,-112.2375,1/7/00,6/14/23,23,"2000, 2001, 2002, 2003, 2004, 2005, 2006, 2007, 2008, 2009, 2010, 2011, 2012, 2013, 2014, 2015, 2016, 2017, 2018, 2019, 2020, 2021, 2022"
167,9512495,"PERRY CANAL NR MAYER, AZ",34.31502955,-112.0648788,10/1/40,9/29/59,18,"1941, 1942, 1943, 1944, 1945, 1946, 1947, 1948, 1949, 1950, 1951, 1952, 1953, 1954, 1955, 1956, 1957, 1958"
168,9512500,"AGUA FRIA RIVER NEAR MAYER, AZ",34.3153073,-112.0640455,1/1/40,6/14/23,83,"1940, 1941, 1942, 1943, 1944, 1945, 1946, 1947, 1948, 1949, 1950, 1951, 1952, 1953, 1954, 1955, 1956, 1957, 1958, 1959, 1960, 1961, 1962, 1963, 1964, 1965, 1966, 1967, 1968, 1969, 1970, 1971, 1972, 1973, 1974, 1975, 1976, 1977, 1978, 1979, 1980, 1981, 1982, 1983, 1984, 1985, 1986, 1987, 1988, 1989, 1990, 1991, 1992, 1993, 1994, 1995, 1996, 1997, 1998, 1999, 2000, 2001, 2002, 2003, 2004, 2005, 2006, 2007, 2008, 2009, 2010, 2011, 2012, 2013, 2014, 2015, 2016, 2017, 2018, 2019, 2020, 2021, 2022"
169,9512501,SYCAMORE DAM SITE TOTAL,34.3153073,-112.0640455,10/1/40,9/29/81,22,"1941, 1942, 1943, 1944, 1945, 1946, 1947, 1948, 1949, 1950, 1951, 1952, 1953, 1954, 1955, 1956, 1957, 1958, 1959, 1978, 1979, 1980"
170,9512800,"AGUA FRIA RIVER NEAR ROCK SPRINGS, AZ",34.01558948,-112.1679378,1/27/70,6/14/23,51,"1970, 1971, 1972, 1975, 1976, 1977, 1978, 1979, 1980, 1981, 1982, 1983, 1984, 1985, 1986, 1987, 1988, 1989, 1990, 1991, 1992, 1993, 1994, 1995, 1996, 1997, 1998, 1999, 2000, 2001, 2002, 2003, 2004, 2005, 2006, 2007, 2008, 2009, 2010, 2011, 2012, 2013, 2014, 2015, 2016, 2017, 2018, 2019, 2020, 2021, 2022"
171,9513780,"NEW RIVER NEAR ROCK SPRINGS, AZ.",33.97420168,-112.0990458,10/1/65,6/14/23,57,"1966, 1967, 1968, 1969, 1970, 1971, 1972, 1973, 1974, 1975, 1976, 1977, 1978, 1979, 1980, 1981, 1982, 1983, 1984, 1985, 1986, 1987, 1988, 1989, 1990, 1991, 1992, 1993, 1994, 1995, 1996, 1997, 1998, 1999, 2000, 2001, 2002, 2003, 2004, 2005, 2006, 2007, 2008, 2009, 2010, 2011, 2012, 2013, 2014, 2015, 2016, 2017, 2018, 2019, 2020, 2021, 2022"
172,9514000,"BUCKEYE CANAL NEAR AVONDALE, ARIZ.",33.3939316,-112.3740469,5/1/53,3/20/01,21,"1954, 1955, 1956, 1957, 1958, 1959, 1960, 1961, 1962, 1963, 1964, 1965, 1966, 1967, 1968, 1969, 1970, 1997, 1998, 1999, 2000"
173,9514100,"GILA RIVER AT ESTRELLA PARKWAY, NEAR GOODYEAR, AZ",33.3875427,-112.3923808,10/1/92,6/14/23,30,"1993, 1994, 1995, 1996, 1997, 1998, 1999, 2000, 2001, 2002, 2003, 2004, 2005, 2006, 2007, 2008, 2009, 2010, 2011, 2012, 2013, 2014, 2015, 2016, 2017, 2018, 2019, 2020, 2021, 2022"
174,9515500,HASSAYAMPA RIVER AT BOX DAMSITE NR WICKENBURG AZ,34.0450291,-112.7098996,1/1/38,9/29/82,35,"1947, 1948, 1949, 1950, 1951, 1952, 1953, 1954, 1955, 1956, 1957, 1958, 1959, 1960, 1961, 1962, 1963, 1964, 1965, 1966, 1967, 1968, 1969, 1970, 1971, 1972, 1973, 1974, 1975, 1976, 1977, 1978, 1979, 1980, 1981"
175,9516500,"HASSAYAMPA RIVER NEAR MORRISTOWN, AZ.",33.88503188,-112.6621198,10/1/38,6/14/23,37,"1939, 1940, 1941, 1942, 1943, 1944, 1945, 1946, 1992, 1993, 1994, 1995, 1996, 1997, 1998, 1999, 2000, 2001, 2004, 2005, 2006, 2007, 2008, 2009, 2010, 2011, 2012, 2013, 2014, 2015, 2016, 2017, 2018, 2019, 2020, 2021, 2022"
176,9517000,"HASSAYAMPA RIVER NEAR ARLINGTON, AZ",33.34726408,-112.7257259,11/1/59,6/14/23,32,"1991, 1992, 1993, 1994, 1995, 1996, 1997, 1998, 1999, 2000, 2001, 2002, 2003, 2004, 2005, 2006, 2007, 2008, 2009, 2010, 2011, 2012, 2013, 2014, 2015, 2016, 2017, 2018, 2019, 2020, 2021, 2022"
177,9518500,"GILA BEND CANAL AT GILLESPIE DAM, AZ",33.22921044,-112.7673929,10/1/75,12/13/17,40,"1976, 1977, 1978, 1979, 1980, 1981, 1982, 1983, 1984, 1985, 1986, 1987, 1988, 1989, 1990, 1991, 1992, 1993, 1994, 1995, 1996, 1997, 1998, 1999, 2000, 2001, 2002, 2003, 2006, 2007, 2008, 2009, 2010, 2011, 2012, 2013, 2014, 2015, 2016, 2017"
178,9519000,"ENTERPRISE CANAL AT GILLESPIE DAM, AZ",33.2292104,-112.7715597,3/12/74,6/14/23,46,"1975, 1976, 1977, 1978, 1979, 1980, 1981, 1982, 1983, 1984, 1985, 1986, 1987, 1988, 1989, 1990, 1991, 1992, 1993, 1994, 1995, 1996, 1997, 1998, 1999, 2000, 2001, 2002, 2003, 2006, 2007, 2008, 2009, 2010, 2011, 2012, 2013, 2014, 2015, 2016, 2017, 2018, 2019, 2020, 2021, 2022"
179,9519500,"GILA RIVER BELOW GILLESPIE DAM, AZ (FLOW BLW DAM)",33.22921044,-112.7673929,8/4/21,9/29/15,91,"1922, 1923, 1924, 1925, 1926, 1927, 1928, 1929, 1930, 1931, 1932, 1933, 1934, 1935, 1936, 1937, 1938, 1939, 1940, 1941, 1942, 1943, 1944, 1945, 1946, 1947, 1948, 1949, 1950, 1951, 1952, 1953, 1954, 1955, 1956, 1957, 1958, 1959, 1960, 1961, 1962, 1963, 1964, 1965, 1966, 1967, 1968, 1969, 1970, 1971, 1972, 1973, 1974, 1975, 1976, 1977, 1978, 1979, 1980, 1981, 1982, 1983, 1984, 1985, 1986, 1987, 1988, 1989, 1990, 1991, 1992, 1993, 1994, 1995, 1996, 1999, 2000, 2001, 2002, 2003, 2004, 2005, 2006, 2007, 2008, 2009, 2010, 2011, 2012, 2013, 2014"
180,9519501,"GILA R BLW GILLESPIE DAM, AZ (LOW-FLOW STATION)",33.22921044,-112.7673929,10/1/92,6/14/23,21,"1993, 1994, 1998, 1999, 2006, 2007, 2008, 2009, 2010, 2011, 2012, 2013, 2014, 2015, 2016, 2017, 2018, 2019, 2020, 2021, 2022"
181,9519800,"GILA RIVER BELOW PAINTED ROCK DAM, AZ",33.0750458,-113.0146217,10/1/59,6/14/23,63,"1960, 1961, 1962, 1963, 1964, 1965, 1966, 1967, 1968, 1969, 1970, 1971, 1972, 1973, 1974, 1975, 1976, 1977, 1978, 1979, 1980, 1981, 1982, 1983, 1984, 1985, 1986, 1987, 1988, 1989, 1990, 1991, 1992, 1993, 1994, 1995, 1996, 1997, 1998, 1999, 2000, 2001, 2002, 2003, 2004, 2005, 2006, 2007, 2008, 2009, 2010, 2011, 2012, 2013, 2014, 2015, 2016, 2017, 2018, 2019, 2020, 2021, 2022"
182,9520500,"GILA RIVER NEAR DOME, AZ",32.7608789,-114.4205019,1/1/05,6/14/23,95,"1905, 1906, 1930, 1931, 1932, 1933, 1934, 1935, 1936, 1937, 1938, 1939, 1940, 1941, 1942, 1943, 1944, 1945, 1946, 1947, 1948, 1949, 1950, 1951, 1952, 1953, 1954, 1955, 1956, 1957, 1958, 1959, 1960, 1961, 1962, 1963, 1964, 1965, 1966, 1967, 1968, 1969, 1970, 1971, 1972, 1973, 1974, 1975, 1976, 1977, 1978, 1979, 1980, 1981, 1982, 1983, 1984, 1985, 1986, 1987, 1988, 1989, 1990, 1991, 1992, 1993, 1994, 1995, 1996, 1997, 1998, 1999, 2000, 2001, 2002, 2003, 2004, 2005, 2006, 2007, 2008, 2009, 2010, 2011, 2012, 2013, 2014, 2015, 2016, 2017, 2018, 2019, 2020, 2021, 2022"
183,9522500,"GILA GRAVITY MAIN CANAL AT IMPERIAL DAM, AZ-CA",32.87615405,-114.455781,8/16/43,6/14/23,79,"1944, 1945, 1946, 1947, 1948, 1949, 1950, 1951, 1952, 1953, 1954, 1955, 1956, 1957, 1958, 1959, 1960, 1961, 1962, 1963, 1964, 1965, 1966, 1967, 1968, 1969, 1970, 1971, 1972, 1973, 1974, 1975, 1976, 1977, 1978, 1979, 1980, 1981, 1982, 1983, 1984, 1985, 1986, 1987, 1988, 1989, 1990, 1991, 1992, 1993, 1994, 1995, 1996, 1997, 1998, 1999, 2000, 2001, 2002, 2003, 2004, 2005, 2006, 2007, 2008, 2009, 2010, 2011, 2012, 2013, 2014, 2015, 2016, 2017, 2018, 2019, 2020, 2021, 2022"
184,9522600,"NORTH GILA MAIN CANAL NEAR YUMA, AZ",32.8031001,-114.4952265,10/1/66,6/14/23,56,"1967, 1968, 1969, 1970, 1971, 1972, 1973, 1974, 1975, 1976, 1977, 1978, 1979, 1980, 1981, 1982, 1983, 1984, 1985, 1986, 1987, 1988, 1989, 1990, 1991, 1992, 1993, 1994, 1995, 1996, 1997, 1998, 1999, 2000, 2001, 2002, 2003, 2004, 2005, 2006, 2007, 2008, 2009, 2010, 2011, 2012, 2013, 2014, 2015, 2016, 2017, 2018, 2019, 2020, 2021, 2022"
185,9522650,"NORTH GILA MAIN CANAL NO. 2 NEAR YUMA, AZ",32.75254574,-114.4935597,7/1/69,6/14/23,53,"1970, 1971, 1972, 1973, 1974, 1975, 1976, 1977, 1978, 1979, 1980, 1981, 1982, 1983, 1984, 1985, 1986, 1987, 1988, 1989, 1990, 1991, 1992, 1993, 1994, 1995, 1996, 1997, 1998, 1999, 2000, 2001, 2002, 2003, 2004, 2005, 2006, 2007, 2008, 2009, 2010, 2011, 2012, 2013, 2014, 2015, 2016, 2017, 2018, 2019, 2020, 2021, 2022"
186,9522680,"GILA MONSTER FARMS TURNOUT NO. 2 NEAR YUMA, AZ",32.74388889,-114.4616667,10/1/07,6/14/23,11,"2012, 2013, 2014, 2015, 2016, 2017, 2018, 2019, 2020, 2021, 2022"
187,9522700,"WELLTON-MOHAWK MAIN CANAL NEAR YUMA, AZ",32.7422683,-114.4338356,10/1/74,6/15/23,48,"1975, 1976, 1977, 1978, 1979, 1980, 1981, 1982, 1983, 1984, 1985, 1986, 1987, 1988, 1989, 1990, 1991, 1992, 1993, 1994, 1995, 1996, 1997, 1998, 1999, 2000, 2001, 2002, 2003, 2004, 2005, 2006, 2007, 2008, 2009, 2010, 2011, 2012, 2013, 2014, 2015, 2016, 2017, 2018, 2019, 2020, 2021, 2022"
188,9522703,WELLTON-MOHAWK CANAL K VALUES (BOTH GATES),32.7422683,-114.4338356,2/9/88,8/1/02,12,"1989, 1990, 1991, 1992, 1993, 1994, 1995, 1996, 1998, 1999, 2000, 2001"
189,9522800,"SOUTH GILA MAIN CANAL NEAR YUMA, AZ",32.6903255,-114.4760589,10/1/73,6/14/23,47,"1974, 1975, 1976, 1977, 1978, 1979, 1980, 1981, 1982, 1983, 1984, 1985, 1986, 1987, 1988, 1989, 1990, 1991, 1992, 1993, 1994, 1995, 1996, 1997, 1998, 1999, 2000, 2001, 2002, 2003, 2006, 2007, 2008, 2009, 2010, 2011, 2012, 2013, 2014, 2015, 2016, 2017, 2018, 2019, 2020, 2021, 2022"
190,9522880,"MCAS DIVERSION OF B CANAL NEAR YUMA, AZ",32.64888889,-114.5822222,9/30/05,6/14/23,17,"2006, 2007, 2008, 2009, 2010, 2011, 2012, 2013, 2014, 2015, 2016, 2017, 2018, 2019, 2020, 2021, 2022"
191,9526000,DIVERSION FROM YUMA MAIN CANAL FOR YUMA MUNICIPAL,32.72638889,-114.6172222,10/1/83,5/8/23,17,"2006, 2007, 2008, 2009, 2010, 2011, 2012, 2013, 2014, 2015, 2016, 2017, 2018, 2019, 2020, 2021, 2022"
192,9527900,"MITTRY LAKE OUTLET CHANNEL NR YUMA, AZ",32.8191831,-114.4855873,10/1/74,10/31/95,12,"1975, 1976, 1977, 1978, 1979, 1980, 1981, 1982, 1986, 1987, 1988, 1989"
193,9528800,"LEVEE CANAL WASTEWAY NEAR YUMA, AZ",32.75865679,-114.5246718,10/1/66,6/14/23,56,"1967, 1968, 1969, 1970, 1971, 1972, 1973, 1974, 1975, 1976, 1977, 1978, 1979, 1980, 1981, 1982, 1983, 1984, 1985, 1986, 1987, 1988, 1989, 1990, 1991, 1992, 1993, 1994, 1995, 1996, 1997, 1998, 1999, 2000, 2001, 2002, 2003, 2004, 2005, 2006, 2007, 2008, 2009, 2010, 2011, 2012, 2013, 2014, 2015, 2016, 2017, 2018, 2019, 2020, 2021, 2022"
194,9529000,"GILA DRAIN NO. 1 NEAR YUMA, AZ",32.75893456,-114.5224495,10/1/74,6/14/23,46,"1975, 1976, 1977, 1978, 1979, 1980, 1981, 1982, 1983, 1984, 1985, 1986, 1987, 1988, 1989, 1990, 1991, 1992, 1993, 1994, 1995, 1996, 1997, 1998, 1999, 2000, 2001, 2002, 2003, 2006, 2007, 2008, 2009, 2010, 2011, 2012, 2013, 2014, 2015, 2016, 2017, 2018, 2019, 2020, 2021, 2022"
195,9529100,"FORTUNA WASTWAY NR YUMA, AZ",32.71004709,-114.4455024,10/1/71,9/29/89,17,"1972, 1973, 1974, 1975, 1976, 1977, 1978, 1979, 1980, 1981, 1982, 1983, 1984, 1985, 1986, 1987, 1988"
196,9529150,"NORTH GILA MAIN CANAL WASTEWAY NEAR YUMA, AZ",32.726991,-114.5055044,10/1/66,6/15/23,54,"1967, 1968, 1969, 1970, 1971, 1972, 1973, 1974, 1975, 1976, 1977, 1978, 1979, 1980, 1981, 1982, 1983, 1984, 1985, 1986, 1987, 1988, 1989, 1990, 1991, 1992, 1993, 1994, 1995, 1996, 1997, 1998, 1999, 2000, 2001, 2002, 2003, 2006, 2007, 2008, 2009, 2010, 2011, 2012, 2013, 2014, 2015, 2016, 2017, 2018, 2019, 2020, 2021, 2022"
197,9529160,"SOUTH GILA PUMP OUTLET CHANNEL NO 3 NEAR YUMA, AZ",32.7178246,-114.5041154,10/1/66,8/30/16,47,"1967, 1968, 1969, 1970, 1971, 1972, 1973, 1974, 1975, 1976, 1977, 1978, 1979, 1980, 1981, 1982, 1983, 1984, 1985, 1986, 1987, 1988, 1989, 1990, 1991, 1992, 1993, 1994, 1995, 1996, 1997, 1998, 1999, 2000, 2001, 2002, 2003, 2006, 2007, 2008, 2009, 2010, 2011, 2012, 2013, 2014, 2015"
198,9529240,"SOUTH GILA PUMP OUTLET CHANNEL NO 2 NEAR YUMA, AZ",32.70865835,-114.5299495,8/1/17,9/29/16,47,"1967, 1968, 1969, 1970, 1971, 1972, 1973, 1974, 1975, 1976, 1977, 1978, 1979, 1980, 1981, 1982, 1983, 1984, 1985, 1986, 1987, 1988, 1989, 1990, 1991, 1992, 1993, 1994, 1995, 1996, 1997, 1998, 1999, 2000, 2001, 2002, 2003, 2006, 2007, 2008, 2009, 2010, 2011, 2012, 2013, 2014, 2015"
199,9529250,"BRUCE CHURCH WASTEWAY NEAR YUMA, AZ",32.7153248,-114.5335608,10/1/66,6/14/23,54,"1967, 1968, 1969, 1970, 1971, 1972, 1973, 1974, 1975, 1976, 1977, 1978, 1979, 1980, 1981, 1982, 1983, 1984, 1985, 1986, 1987, 1988, 1989, 1990, 1991, 1992, 1993, 1994, 1995, 1996, 1997, 1998, 1999, 2000, 2001, 2002, 2003, 2006, 2007, 2008, 2009, 2010, 2011, 2012, 2013, 2014, 2015, 2016, 2017, 2018, 2019, 2020, 2021, 2022"
200,9529300,"WELLTON-MOHAWK MAIN OUTLET DRAIN NR YUMA, AZ",32.74254606,-114.4368912,10/1/66,6/14/23,54,"1967, 1968, 1969, 1970, 1971, 1972, 1973, 1974, 1975, 1976, 1977, 1978, 1979, 1980, 1981, 1982, 1983, 1984, 1985, 1986, 1987, 1988, 1989, 1990, 1991, 1992, 1993, 1994, 1995, 1996, 1997, 1998, 1999, 2000, 2001, 2002, 2003, 2006, 2007, 2008, 2009, 2010, 2011, 2012, 2013, 2014, 2015, 2016, 2017, 2018, 2019, 2020, 2021, 2022"
201,9529360,"SOUTH GILA PUMP OUTLET CHANNEL NO 1 NEAR YUMA, AZ",32.70671407,-114.5560614,10/1/66,9/29/16,47,"1967, 1968, 1969, 1970, 1971, 1972, 1973, 1974, 1975, 1976, 1977, 1978, 1979, 1980, 1981, 1982, 1983, 1984, 1985, 1986, 1987, 1988, 1989, 1990, 1991, 1992, 1993, 1994, 1995, 1996, 1997, 1998, 1999, 2000, 2001, 2002, 2003, 2006, 2007, 2008, 2009, 2010, 2011, 2012, 2013, 2014, 2015"
202,9529420,"SOUTH GILA TERMINAL CANAL WASTEWAY NR YUMA, AZ",32.693659,-114.58134,10/1/66,6/14/23,54,"1967, 1968, 1969, 1970, 1971, 1972, 1973, 1974, 1975, 1976, 1977, 1978, 1979, 1980, 1981, 1982, 1983, 1984, 1985, 1986, 1987, 1988, 1989, 1990, 1991, 1992, 1993, 1994, 1995, 1996, 1997, 1998, 1999, 2000, 2001, 2002, 2003, 2006, 2007, 2008, 2009, 2010, 2011, 2012, 2013, 2014, 2015, 2016, 2017, 2018, 2019, 2020, 2021, 2022"
203,9529440,"SOUTH GILA PUMP OUTLET CHANNEL NO 4 NEAR YUMA, AZ",32.71282513,-114.5980072,10/1/66,9/29/16,47,"1967, 1968, 1969, 1970, 1971, 1972, 1973, 1974, 1975, 1976, 1977, 1978, 1979, 1980, 1981, 1982, 1983, 1984, 1985, 1986, 1987, 1988, 1989, 1990, 1991, 1992, 1993, 1994, 1995, 1996, 1997, 1998, 1999, 2000, 2001, 2002, 2003, 2006, 2007, 2008, 2009, 2010, 2011, 2012, 2013, 2014, 2015"
204,9530200,"YUMA MESA OUTLET DRAIN NEAR YUMA, AZ",32.730047,-114.658287,10/1/71,8/30/16,40,"1972, 1973, 1974, 1975, 1976, 1977, 1978, 1979, 1980, 1981, 1982, 1983, 1984, 1985, 1986, 1987, 1988, 1989, 1990, 1991, 1992, 1993, 1994, 1995, 1996, 1997, 1998, 1999, 2000, 2001, 2002, 2003, 2006, 2009, 2010, 2011, 2012, 2013, 2014, 2015"
205,9531800,"MAIN OUTLET DR EXTENSION 2 AB MORELOS DAM, AZ.",32.7283806,-114.7146776,10/1/69,6/29/18,37,"1970, 1971, 1972, 1973, 1974, 1975, 1980, 1981, 1982, 1983, 1984, 1985, 1986, 1987, 1988, 1989, 1990, 1991, 1992, 1993, 1994, 1995, 1996, 1997, 1998, 1999, 2000, 2001, 2002, 2003, 2010, 2011, 2012, 2013, 2014, 2015, 2016"
206,9537200,"LESLIE CREEK NEAR MCNEAL, AZ.",31.5900961,-109.5089559,10/1/69,6/14/23,47,"1970, 1971, 1972, 1973, 1974, 1975, 1976, 1983, 1984, 1985, 1986, 1987, 1988, 1989, 1990, 1991, 1992, 1993, 1994, 1995, 1996, 1997, 1998, 1999, 2000, 2001, 2002, 2003, 2004, 2005, 2006, 2007, 2008, 2009, 2010, 2011, 2012, 2013, 2014, 2015, 2016, 2017, 2018, 2019, 2020, 2021, 2022"