"","HUC8","1958","1959","1960","1961","1962","1963","1964","1965","1966","1967","1968","1969","1970","1971","1972","1973","1974","1975","1976","1977","1978","1979","1980","1981","1982","1983","1984","1985","1986","1987","1988","1989","1990","1991","1992","1993","1994","1995","1996","1997","1998","1999","2000","2001","2002","2003","2004","2005","2006","2007","2008","2009","2010","2011","2012","2013","2014","2015","2016","2017","2018","2019","2020","2021","2022"
"1","15020003",295.662628173828,295.484832763672,189.293014526367,250.650375366211,232.629043579102,237.04833984375,315.727416992188,284.922027587891,214.405838012695,271.640441894531,278.997009277344,262.282043457031,179.123001098633,247.031951904297,290.733428955078,229.311599731445,235.427871704102,271.849273681641,244.286056518555,296.5322265625,282.052825927734,272.801177978516,269.772613525391,277.041259765625,324.62158203125,350.120269775391,395.105224609375,288.491516113281,333.292877197266,288.149169921875,312.534606933594,177.062423706055,272.814361572266,236.307998657227,382.947784423828,279.591979980469,290.197418212891,201.163223266602,252.469650268555,290.690185546875,277.500213623047,289.566711425781,262.454833984375,249.938201904297,234.249374389648,196.560974121094,252.390991210938,208.072143554688,260.152099609375,240.004180908203,258.473541259766,170.944305419922,248.017593383789,221.04443359375,213.917373657227,260.5849609375,261.616271972656,401.23291015625,258.389617919922,200.94123840332,285.755310058594,299.723785400391,170.179351806641,228.360107421875,319.776397705078
"2","15020004",275.165618896484,283.310333251953,191.439666748047,243.126724243164,225.727203369141,235.739715576172,309.611938476562,284.658477783203,214.210357666016,252.064331054688,282.768280029297,259.985321044922,178.037338256836,230.450225830078,274.166412353516,238.67594909668,230.363525390625,256.91650390625,239.309509277344,286.130889892578,280.789001464844,266.920074462891,270.009307861328,270.010833740234,318.258239746094,346.184478759766,374.658660888672,304.921173095703,316.305755615234,292.556549072266,308.717224121094,169.984924316406,262.138610839844,221.570327758789,378.889068603516,268.432922363281,279.852630615234,202.754852294922,226.164840698242,287.095184326172,273.476623535156,277.164764404297,250.673400878906,232.088333129883,223.590866088867,200.687026977539,249.380722045898,211.036437988281,234.673751831055,210.730911254883,256.160461425781,152.768844604492,249.3515625,216.06867980957,208.026229858398,261.544372558594,248.687240600586,394.214263916016,254.23600769043,186.62548828125,269.616058349609,301.234344482422,183.248107910156,246.421096801758,295.798156738281
"3","15010014",239.442718505859,207.71305847168,174.6806640625,132.192199707031,106.141708374023,172.189071655273,92.2149200439453,267.607879638672,154.898956298828,188.223510742188,147.667709350586,208.081954956055,172.730270385742,143.844573974609,183.71858215332,200.918167114258,179.297653198242,141.133209228516,224.595901489258,200.146987915039,420.367340087891,298.722229003906,253.806625366211,191.959167480469,275.947448730469,300.8291015625,303.639190673828,184.633575439453,205.306503295898,227.331558227539,191.5654296875,121.220001220703,211.666702270508,240.066101074219,343.392852783203,225.765274047852,223.356826782227,187.310104370117,133.859191894531,204.382537841797,250.64909362793,145.047515869141,148.163467407227,130.905792236328,62.3810691833496,187.010803222656,304.405029296875,212.848098754883,88.4387588500977,139.996017456055,142.303833007812,129.909042358398,183.895248413086,127.143531799316,274.163269042969,145.519424438477,139.45654296875,227.575805664062,168.83642578125,149.611923217773,187.283966064453,291.334136962891,107.061676025391,141.982681274414,112.138473510742
"4","15020001",447.521514892578,404.78955078125,299.718963623047,375.584014892578,364.814025878906,351.619964599609,432.528778076172,403.046020507812,362.268280029297,417.506866455078,400.908111572266,382.749908447266,278.142150878906,350.097839355469,393.940582275391,332.034362792969,339.679534912109,401.963836669922,370.625579833984,435.867523193359,398.224212646484,360.002136230469,384.245025634766,395.747192382812,424.330841064453,539.158630371094,532.856018066406,431.828765869141,464.965484619141,403.444641113281,438.198944091797,271.745452880859,396.490631103516,361.869567871094,512.557067871094,372.608917236328,402.065338134766,312.378997802734,382.252044677734,391.165985107422,429.309265136719,416.925933837891,348.540710449219,384.24560546875,366.095581054688,315.549499511719,344.548583984375,300.442016601562,397.084167480469,353.752105712891,411.582580566406,266.256439208984,386.481201171875,338.574584960938,333.308441162109,396.165863037109,363.534362792969,563.006042480469,390.408752441406,332.877410888672,398.380157470703,422.169830322266,238.207626342773,350.375213623047,468.041046142578
"5","15020005",425.362579345703,398.325744628906,307.072448730469,359.959442138672,346.139801025391,342.388519287109,425.492553710938,401.928863525391,344.564239501953,371.720123291016,421.910461425781,425.180267333984,284.652923583984,340.067474365234,375.6142578125,347.744232177734,334.699432373047,406.890228271484,387.863708496094,426.10498046875,426.690063476562,389.212097167969,414.467407226562,395.891906738281,457.363006591797,525.032897949219,546.864379882812,471.671783447266,451.830749511719,427.160278320312,430.76123046875,288.973236083984,387.073883056641,377.930328369141,553.893005371094,381.823577880859,413.897155761719,320.953643798828,339.704711914062,364.522644042969,426.773773193359,387.738006591797,354.241851806641,366.96728515625,313.373840332031,336.752502441406,379.206420898438,305.238067626953,349.143524169922,286.891693115234,400.903839111328,242.749908447266,381.575653076172,353.842712402344,332.532196044922,411.307678222656,359.472717285156,573.321044921875,396.296325683594,286.598266601562,396.316101074219,455.82568359375,267.361511230469,401.381195068359,447.881805419922
"6","15020009",229.54426574707,256.535430908203,185.884124755859,227.446151733398,207.465560913086,232.80485534668,276.030242919922,285.594390869141,212.862747192383,216.509490966797,273.313262939453,251.650421142578,175.3798828125,205.731216430664,243.894454956055,235.089599609375,219.759719848633,227.717742919922,214.964141845703,252.043807983398,257.970703125,241.428527832031,249.458633422852,250.181427001953,303.775726318359,318.333068847656,327.369293212891,309.203277587891,292.370330810547,294.522644042969,288.333465576172,154.159164428711,247.385604858398,203.846069335938,347.490478515625,259.262939453125,245.428344726562,201.532302856445,203.396591186523,274.947021484375,261.684356689453,248.252716064453,223.346649169922,203.332275390625,198.265487670898,194.102172851562,244.65446472168,206.492416381836,208.83283996582,177.631118774414,240.564041137695,137.651397705078,255.307556152344,205.095230102539,187.81657409668,261.483489990234,225.339004516602,374.058258056641,235.51042175293,168.772018432617,247.458084106445,297.781890869141,137.685913085938,247.569610595703,247.44010925293
"7","15020010",407.994995117188,384.282501220703,324.585144042969,333.107452392578,345.70947265625,367.083374023438,401.900360107422,434.165832519531,374.301879882812,389.398345947266,412.173950195312,444.691986083984,312.197784423828,329.854766845703,363.879272460938,339.475860595703,334.621734619141,381.738464355469,404.311676025391,404.387481689453,394.06640625,379.113006591797,393.576385498047,412.55712890625,456.557830810547,526.8740234375,524.716064453125,493.941284179688,454.811614990234,453.958618164062,433.038177490234,302.427001953125,415.379760742188,388.856231689453,565.578247070312,397.8349609375,391.839813232422,340.412567138672,336.473266601562,354.773223876953,440.624053955078,395.266296386719,334.713134765625,348.934112548828,271.628845214844,364.449798583984,383.985076904297,311.673950195312,351.636596679688,271.025787353516,419.023284912109,248.079360961914,416.825317382812,358.924652099609,340.367553710938,430.352172851562,349.122406005859,576.415344238281,397.450927734375,290.351287841797,381.346893310547,431.834899902344,261.146881103516,399.896453857422,462.508270263672
"8","15020012",200.084548950195,191.851043701172,210.317306518555,221.081359863281,193.985046386719,236.427215576172,217.169860839844,306.571136474609,242.732192993164,223.276794433594,265.581451416016,250.168334960938,197.069915771484,182.019958496094,221.381332397461,246.386337280273,186.568450927734,195.568710327148,177.475021362305,204.294403076172,236.082778930664,235.92138671875,254.971176147461,258.924255371094,309.358337402344,324.196075439453,232.513763427734,307.674346923828,264.700256347656,297.443939208984,264.860626220703,132.613265991211,229.549591064453,209.944244384766,328.771667480469,258.529815673828,222.099731445312,218.326126098633,185.329727172852,271.527221679688,271.589263916016,237.068405151367,209.121948242188,194.106994628906,186.16943359375,203.767959594727,282.529602050781,222.261444091797,183.234619140625,176.642242431641,227.03581237793,144.32096862793,276.275238037109,201.817321777344,185.974594116211,269.264526367188,211.034820556641,354.714080810547,221.156555175781,162.616287231445,215.020492553711,236.756378173828,110.599052429199,225.822494506836,235.633926391602
"9","15020014",217.44873046875,223.266342163086,196.323547363281,202.701156616211,192.450256347656,218.447769165039,250.864120483398,278.322082519531,210.047637939453,210.913024902344,263.807434082031,243.890426635742,176.985565185547,188.776733398438,231.776779174805,229.759292602539,191.82292175293,209.285797119141,198.699234008789,224.481384277344,232.933532714844,235.141326904297,242.508041381836,245.415451049805,292.582977294922,304.514251708984,275.929748535156,299.462982177734,262.518585205078,284.79296875,262.282989501953,144.148956298828,230.487762451172,198.263946533203,344.636199951172,255.49641418457,229.158828735352,200.426147460938,186.084075927734,252.445709228516,253.891830444336,226.812164306641,199.524108886719,182.366836547852,177.128295898438,190.534240722656,263.693786621094,206.081604003906,184.777542114258,160.083679199219,228.187927246094,123.287780761719,256.413024902344,195.777618408203,185.254486083984,250.001312255859,212.207550048828,351.037994384766,222.910598754883,149.373504638672,225.639282226562,287.806457519531,111.06324005127,247.915252685547,219.212158203125
"10","15020015",444.824615478516,362.953186035156,385.047637939453,354.340789794922,338.167755126953,392.283203125,382.081176757812,495.102874755859,368.162384033203,432.673309326172,367.953765869141,422.706939697266,374.227905273438,347.058746337891,367.967651367188,326.106750488281,327.186859130859,367.051147460938,389.480773925781,390.045989990234,341.308868408203,356.754760742188,368.524780273438,455.871734619141,432.213836669922,513.716552734375,434.270874023438,452.563018798828,472.056518554688,461.789672851562,419.216186523438,275.174407958984,471.977630615234,403.453674316406,506.34326171875,377.422943115234,373.496124267578,361.285186767578,332.224060058594,396.56884765625,463.137908935547,402.446624755859,318.050170898438,319.490753173828,244.121383666992,372.897644042969,429.188415527344,336.587249755859,351.850708007812,293.742828369141,370.988250732422,259.988891601562,418.705383300781,357.901641845703,348.428588867188,423.575592041016,326.899475097656,561.916809082031,384.181335449219,278.263946533203,352.997528076172,424.868774414062,241.800796508789,411.695007324219,422.419921875
"11","15030202",387.278472900391,353.575317382812,313.945648193359,308.767211914062,255.625061035156,344.547912597656,307.372894287109,575.404541015625,355.050354003906,367.210632324219,393.203918457031,387.196105957031,369.148223876953,340.794982910156,358.667724609375,338.807464599609,312.900634765625,241.805099487305,376.677124023438,324.413970947266,547.782592773438,421.247222900391,390.754058837891,377.026489257812,466.289825439453,504.01708984375,424.834686279297,422.376342773438,417.035980224609,414.430755615234,374.929565429688,243.28059387207,468.840270996094,435.2666015625,521.432373046875,359.440826416016,368.317718505859,330.214141845703,258.958831787109,351.660339355469,408.720886230469,294.673645019531,277.310272216797,267.82470703125,155.976654052734,315.886566162109,460.684234619141,367.445098876953,229.063980102539,319.008911132812,335.626312255859,241.889419555664,356.309631347656,277.876342773438,394.179077148438,349.842224121094,303.903259277344,441.610504150391,354.344818115234,270.383117675781,341.947631835938,453.32275390625,211.826599121094,347.985778808594,331.346710205078
"12","15030203",379.711608886719,368.173431396484,302.246978759766,316.264007568359,264.988159179688,343.571960449219,315.642028808594,581.619445800781,362.413696289062,382.028137207031,397.989105224609,384.391571044922,377.564819335938,325.458190917969,360.478240966797,342.07861328125,327.342620849609,228.215286254883,376.268341064453,318.945648193359,568.941528320312,414.614074707031,391.048400878906,387.091827392578,491.538970947266,518.402038574219,426.583129882812,432.693176269531,427.500671386719,431.32568359375,370.171478271484,251.990615844727,460.013977050781,443.3603515625,541.721313476562,387.357543945312,368.136566162109,344.778350830078,260.004211425781,353.090454101562,426.164123535156,301.656402587891,292.031005859375,273.404541015625,167.422882080078,326.813446044922,454.402770996094,365.338409423828,239.275955200195,336.479736328125,352.761505126953,250.811660766602,371.664306640625,283.697387695312,362.258422851562,372.427124023438,317.261077880859,442.609588623047,361.107238769531,263.402069091797,336.827270507812,491.819274902344,231.441314697266,412.042755126953,330.907257080078
"13","15030204",214.388214111328,247.192031860352,158.40397644043,157.836364746094,136.676712036133,207.707885742188,146.639770507812,362.473327636719,214.539535522461,230.970581054688,185.621017456055,219.047943115234,203.632843017578,169.207015991211,206.493789672852,206.066680908203,189.190353393555,117.612686157227,234.854782104492,215.625106811523,437.915771484375,264.449890136719,248.746536254883,209.234786987305,301.029724121094,316.684509277344,299.106140136719,263.0361328125,256.213287353516,239.135864257812,245.269729614258,135.953643798828,254.123031616211,265.954620361328,401.747711181641,248.583145141602,274.299713134766,187.56916809082,140.974105834961,226.303588867188,238.932632446289,162.32975769043,151.021499633789,164.632858276367,84.3917846679688,181.746948242188,294.300262451172,216.685821533203,102.959144592285,170.488571166992,163.983810424805,152.349853515625,190.502914428711,155.619003295898,226.301422119141,203.966110229492,174.373611450195,246.356430053711,209.183303833008,160.161315917969,204.818069458008,321.019439697266,134.126159667969,151.819564819336,154.150604248047
"14","15040007",490.241333007812,478.826171875,394.33447265625,460.180023193359,413.923614501953,420.326690673828,476.735321044922,512.92822265625,462.963623046875,444.596984863281,554.308166503906,405.9365234375,356.616760253906,411.846405029297,448.933410644531,461.478088378906,418.845367431641,396.131896972656,403.261840820312,455.7109375,673.372985839844,481.041320800781,493.572143554688,453.864196777344,622.43994140625,763.355895996094,611.875427246094,563.724182128906,548.718627929688,496.732727050781,471.141540527344,320.569519042969,517.51611328125,536.887756347656,679.411743164062,466.171936035156,506.143249511719,414.333526611328,408.340240478516,406.515838623047,471.545684814453,371.992065429688,469.398101806641,436.082275390625,271.717376708984,396.911743164062,482.880920410156,386.995758056641,415.610534667969,433.801361083984,493.868804931641,349.948303222656,473.488220214844,443.222900390625,372.683349609375,442.274627685547,413.839508056641,625.729553222656,479.375823974609,334.682495117188,468.710235595703,612.055908203125,286.610473632812,580.0068359375,453.562744140625
"15","15060101",591.183349609375,506.18896484375,418.567535400391,490.027557373047,494.03857421875,461.614410400391,534.915893554688,530.152954101562,493.750671386719,482.190277099609,551.301635742188,491.654357910156,387.492919921875,450.568603515625,498.115539550781,456.609191894531,440.654571533203,488.559631347656,443.919738769531,547.782287597656,555.936462402344,483.870330810547,517.472412109375,503.414672851562,589.557434082031,758.003540039062,658.806823730469,588.276489257812,576.997497558594,524.791748046875,561.540283203125,350.70947265625,511.605316162109,525.996826171875,650.691223144531,459.524810791016,527.380249023438,427.0166015625,481.848907470703,482.156524658203,556.81005859375,484.947814941406,454.447448730469,505.184478759766,422.41162109375,436.249603271484,483.190765380859,403.518859863281,494.297637939453,468.486236572266,555.155029296875,375.586730957031,517.748840332031,471.474212646484,435.096862792969,504.210601806641,463.530548095703,710.450500488281,528.186828613281,431.673065185547,513.383483886719,599.327697753906,309.574157714844,565.763488769531,538.153869628906
"16","15060102",588.526794433594,521.103942871094,415.936950683594,495.215118408203,475.649658203125,467.710083007812,555.397033691406,538.359130859375,468.323852539062,498.395629882812,555.470336914062,528.260986328125,401.943359375,464.203643798828,489.523101806641,449.0166015625,459.666809082031,507.114532470703,481.595977783203,569.433654785156,559.186889648438,470.436431884766,526.243713378906,528.169311523438,601.463012695312,719.083923339844,687.587768554688,578.483337402344,589.017944335938,521.784484863281,555.344543457031,376.165985107422,521.663024902344,510.497009277344,664.279296875,459.718688964844,550.113098144531,431.156646728516,472.305480957031,492.386169433594,546.896728515625,490.526062011719,465.128753662109,512.827758789062,436.163116455078,448.257476806641,497.188018798828,396.894256591797,486.211059570312,455.124633789062,542.310668945312,373.387786865234,501.263458251953,481.872802734375,441.918518066406,520.036499023438,465.773468017578,721.205139160156,542.039611816406,418.961395263672,512.812805175781,591.626708984375,326.905914306641,566.500915527344,593.206665039062
"17","15060103",494.987396240234,472.341278076172,408.763885498047,412.200256347656,405.401794433594,443.356719970703,480.738189697266,541.835571289062,473.439636230469,442.461547851562,594.463745117188,475.813812255859,390.818145751953,421.310791015625,444.417999267578,456.466400146484,453.891967773438,424.964935302734,455.444458007812,459.517486572266,654.759582519531,490.038909912109,499.248199462891,474.072265625,633.56103515625,742.547668457031,642.349975585938,601.505065917969,558.051147460938,542.198059082031,502.714721679688,368.289855957031,539.513427734375,545.450805664062,715.195251464844,493.139831542969,511.507720947266,446.187774658203,397.834533691406,414.655487060547,523.571533203125,402.456817626953,471.478820800781,473.422821044922,267.126281738281,438.986755371094,494.733123779297,387.426635742188,417.210845947266,394.679992675781,527.075378417969,361.957885742188,490.936126708984,439.472991943359,392.849670410156,492.578887939453,421.942199707031,653.098022460938,496.196075439453,349.588928222656,481.188812255859,606.802490234375,318.113983154297,557.011962890625,483.4814453125
"18","15060104",521.942077636719,475.803314208984,384.669067382812,424.937347412109,408.270782470703,416.904052734375,497.379272460938,492.858062744141,408.470031738281,421.736572265625,521.362060546875,496.624816894531,365.392486572266,417.319641113281,447.187866210938,417.942199707031,411.669250488281,470.883514404297,439.719696044922,502.101684570312,555.655212402344,460.093627929688,495.892150878906,478.996948242188,594.594543457031,663.884582519531,643.658874511719,559.29736328125,540.780944824219,510.066040039062,513.5625,343.448577880859,477.289245605469,493.598266601562,658.982421875,438.066650390625,509.902038574219,397.437591552734,408.632049560547,430.368682861328,505.986968994141,437.249816894531,451.451843261719,461.904876708984,339.567352294922,413.529510498047,472.228607177734,365.716064453125,422.277038574219,382.181732177734,483.159088134766,324.653869628906,453.303588867188,429.549133300781,392.393951416016,482.011932373047,417.101867675781,665.101440429688,485.663269042969,347.323974609375,480.575561523438,562.202087402344,297.573638916016,522.45361328125,495.148803710938
"19","15060105",508.799041748047,461.833740234375,421.577301025391,408.417083740234,415.244720458984,467.431304931641,473.534210205078,610.34130859375,491.759246826172,454.880828857422,572.008972167969,484.850616455078,431.7802734375,407.950164794922,438.292144775391,450.635711669922,475.369293212891,415.567504882812,485.615386962891,451.394836425781,634.869995117188,488.793121337891,481.260986328125,503.985961914062,640.168518066406,761.698303222656,621.440551757812,617.057556152344,575.238342285156,570.987487792969,545.92333984375,391.800201416016,587.920959472656,569.096923828125,726.618103027344,510.458374023438,507.440460205078,472.044189453125,391.402465820312,441.677795410156,583.203063964844,409.099945068359,464.249847412109,471.544738769531,251.463287353516,473.330352783203,518.605163574219,385.294616699219,412.965454101562,391.801910400391,542.109252929688,385.486236572266,521.901306152344,439.318023681641,407.21923828125,526.069091796875,425.673889160156,654.911865234375,506.105407714844,359.831726074219,472.616333007812,605.949279785156,343.974914550781,625.427429199219,508.330535888672
"20","15070104",195.505157470703,255.459289550781,147.291229248047,188.068328857422,151.580032348633,206.443115234375,188.276229858398,357.195526123047,225.123321533203,262.855377197266,227.478805541992,210.30908203125,219.455703735352,163.942840576172,209.151733398438,190.004318237305,205.364517211914,124.503883361816,247.501892089844,215.324966430664,439.561309814453,248.851837158203,234.607711791992,194.670501708984,321.052764892578,322.788970947266,328.559051513672,273.860900878906,244.22265625,257.213592529297,230.171340942383,146.139755249023,251.110427856445,269.092224121094,396.358703613281,274.803924560547,261.698059082031,195.255447387695,141.801193237305,218.901718139648,251.343185424805,165.735610961914,170.207412719727,172.6962890625,92.8946914672852,191.952453613281,264.423706054688,203.205795288086,125.316703796387,183.305160522461,176.923004150391,154.327987670898,204.583358764648,166.980316162109,199.492965698242,223.834365844727,192.105087280273,252.013137817383,216.674697875977,151.70573425293,204.367584228516,359.093048095703,153.439956665039,183.513671875,148.618835449219
"21","14080204",170.964218139648,193.647201538086,182.587661743164,238.954132080078,201.955688476562,237.276336669922,216.706237792969,336.977203369141,238.631973266602,209.197067260742,270.249908447266,274.019683837891,221.042572021484,192.72541809082,225.959411621094,259.410400390625,200.457183837891,183.556243896484,162.146514892578,201.248443603516,252.325454711914,245.245544433594,245.664535522461,246.813980102539,312.478851318359,339.2724609375,229.275329589844,308.205596923828,308.470458984375,298.674102783203,269.624359130859,127.034172058105,228.325347900391,207.400375366211,310.224731445312,251.357681274414,226.858016967773,213.020324707031,186.962509155273,306.085754394531,264.355773925781,242.612182617188,229.032821655273,207.174224853516,196.020263671875,208.276489257812,259.311157226562,239.279022216797,196.387908935547,192.455810546875,231.64860534668,153.983688354492,292.74365234375,212.609008789062,175.307113647461,285.395202636719,227.262893676758,367.285400390625,233.893829345703,185.275573730469,222.517456054688,248.395355224609,123.582977294922,212.718460083008,249.469528198242
"22","15070102",383.99755859375,370.180847167969,311.213928222656,323.488372802734,282.607574462891,339.979644775391,339.881103515625,563.135559082031,386.644958496094,396.034912109375,431.151092529297,364.743438720703,364.235168457031,304.63232421875,358.434509277344,353.159912109375,353.885955810547,253.267593383789,393.178344726562,315.536315917969,582.679504394531,407.352264404297,380.809509277344,377.659973144531,502.023742675781,567.164978027344,450.278472900391,450.157745361328,422.696197509766,443.405792236328,381.934143066406,268.049957275391,460.606353759766,454.753967285156,582.980346679688,428.080108642578,375.718719482422,383.337158203125,281.315826416016,334.406768798828,454.955871582031,308.684204101562,329.307861328125,305.161376953125,168.877563476562,362.207763671875,435.884155273438,351.582427978516,280.195495605469,346.952331542969,410.283172607422,284.0615234375,414.308044433594,301.670043945312,318.522033691406,399.490631103516,335.974334716797,457.006988525391,376.707946777344,255.171035766602,331.129943847656,514.150268554688,281.591979980469,478.720428466797,318.169952392578
"23","15070103",311.349060058594,340.548461914062,237.605819702148,281.975433349609,236.658401489258,293.532318115234,297.115112304688,513.113647460938,324.149536132812,349.566955566406,366.205749511719,313.406463623047,328.827026367188,262.544952392578,301.669525146484,294.706085205078,310.776550292969,196.307861328125,349.264526367188,280.513092041016,546.146118164062,359.032104492188,343.333374023438,315.032470703125,455.266845703125,475.611968994141,412.107727050781,378.421356201172,361.552062988281,383.281341552734,330.585693359375,226.630218505859,398.786529541016,394.227630615234,516.012145996094,378.903228759766,332.1865234375,317.778900146484,227.693817138672,292.619781494141,390.379943847656,266.558715820312,271.580993652344,256.818450927734,146.878067016602,304.455444335938,382.191040039062,315.224456787109,221.902877807617,302.075714111328,320.48046875,226.837585449219,333.957763671875,251.272521972656,288.175964355469,338.243988037109,285.247985839844,382.154602050781,319.755645751953,227.01318359375,290.657623291016,460.338562011719,229.337158203125,384.146942138672,284.238800048828
"24","15020013",207.376678466797,206.007553100586,209.999771118164,225.864181518555,199.659866333008,239.768432617188,235.001953125,309.016235351562,241.109436035156,223.3994140625,271.828735351562,256.217102050781,194.847854614258,185.413711547852,230.091659545898,247.618209838867,193.674758911133,203.897232055664,189.004302978516,217.15869140625,246.748779296875,236.454071044922,256.995239257812,258.635131835938,311.076446533203,330.922576904297,253.650329589844,324.704803466797,273.016571044922,308.188659667969,277.660919189453,139.236053466797,234.568328857422,209.539321899414,341.255950927734,263.015777587891,227.180603027344,223.476699829102,187.942687988281,274.387786865234,274.517517089844,241.932678222656,217.673553466797,192.853607177734,191.205917358398,205.758697509766,279.454803466797,225.742965698242,188.431716918945,178.11784362793,232.427871704102,144.026031494141,284.9833984375,201.397644042969,189.093292236328,274.990509033203,212.796920776367,366.108337402344,224.803405761719,170.129669189453,219.809188842773,265.051055908203,113.137626647949,239.756317138672,242.269973754883
"25","15030103",246.964920043945,248.722351074219,179.136947631836,146.222686767578,124.809158325195,199.736526489258,126.196296691895,341.973388671875,203.559509277344,213.530731201172,179.118957519531,228.944000244141,195.820281982422,172.833221435547,205.699661254883,218.622222900391,199.801391601562,140.722900390625,251.026306152344,221.090545654297,462.548492431641,307.875427246094,270.575927734375,212.393508911133,310.277526855469,343.851379394531,319.944305419922,250.077911376953,256.470764160156,236.81298828125,255.113647460938,133.795684814453,263.313842773438,276.155181884766,397.541198730469,246.3095703125,268.542083740234,201.63200378418,147.85302734375,226.783050537109,253.086074829102,168.329620361328,162.423980712891,163.570861816406,76.6117172241211,194.687576293945,331.63232421875,233.803024291992,102.52010345459,160.787994384766,167.390274047852,152.258483886719,198.182830810547,151.599197387695,276.454925537109,181.404724121094,165.723556518555,260.517852783203,204.597595214844,165.809646606445,207.196258544922,295.59375,126.85066986084,157.419738769531,179.534683227539
"26","15030105",152.981231689453,191.092056274414,112.970100402832,127.040115356445,100.222129821777,191.511993408203,119.714859008789,280.902648925781,157.859924316406,202.969787597656,145.962600708008,172.704193115234,162.30680847168,125.849136352539,164.821578979492,150.570602416992,140.792953491211,88.2795028686523,209.685638427734,190.425750732422,344.603881835938,198.594253540039,180.115310668945,147.364074707031,246.16081237793,252.564971923828,279.354217529297,207.214904785156,192.4443359375,191.191177368164,189.243591308594,125.826026916504,189.143920898438,203.235702514648,325.705841064453,197.665954589844,221.574066162109,131.978439331055,104.747123718262,188.962661743164,189.621826171875,127.905937194824,112.52507019043,125.555221557617,64.8366622924805,136.849319458008,215.637512207031,159.009292602539,78.2078323364258,120.457328796387,112.840209960938,111.494636535645,142.629409790039,127.688278198242,167.337921142578,164.592895507812,143.678405761719,196.37255859375,165.991806030273,123.566040039062,163.849639892578,263.902160644531,112.351860046387,97.2974243164062,92.6238250732422
"27","15030106",119.99787902832,145.417434692383,92.4753799438477,100.153503417969,74.075569152832,196.121780395508,87.2881469726562,229.849334716797,119.758079528809,176.358764648438,122.208610534668,159.562911987305,128.237411499023,103.420959472656,141.713027954102,125.993156433105,96.6886520385742,66.098030090332,216.414962768555,187.612518310547,297.130706787109,181.841049194336,146.538848876953,118.727783203125,214.475555419922,220.768051147461,243.108123779297,166.47184753418,152.618576049805,153.621536254883,154.126220703125,127.013175964355,154.679580688477,169.847885131836,281.69189453125,170.645080566406,193.814666748047,102.023529052734,86.0563812255859,166.792861938477,152.519027709961,98.3945846557617,83.1650466918945,101.107574462891,48.7041053771973,110.15380859375,186.072875976562,133.375274658203,56.5205039978027,88.1106109619141,80.963264465332,92.1367950439453,116.06404876709,107.669151306152,139.665603637695,132.228790283203,123.325996398926,167.3857421875,142.500457763672,109.812026977539,141.481491088867,200.309982299805,90.981201171875,70.7596740722656,59.811450958252
"28","15040005",452.176055908203,425.959838867188,326.116516113281,445.388580322266,380.2626953125,362.627777099609,423.747314453125,448.684265136719,435.059204101562,391.663940429688,422.083282470703,330.570831298828,295.323944091797,354.701995849609,407.947326660156,368.813446044922,348.849639892578,346.762512207031,332.752807617188,436.800537109375,533.605651855469,422.215850830078,409.343139648438,404.324310302734,517.715881347656,682.243103027344,517.760925292969,500.84521484375,491.146789550781,434.020782470703,433.227783203125,260.978942871094,454.0390625,457.913604736328,569.615234375,402.128387451172,450.736541748047,342.496368408203,392.7763671875,388.320159912109,399.141204833984,340.838287353516,407.707336425781,351.216094970703,279.320251464844,322.262786865234,426.266754150391,338.290069580078,394.373413085938,416.010375976562,413.425598144531,313.725463867188,420.318511962891,415.361907958984,323.173583984375,366.46923828125,386.104827880859,545.165405273438,421.135284423828,318.47265625,419.280426025391,511.978424072266,242.496002197266,471.251434326172,418.115264892578
"29","15050100",298.229675292969,350.109558105469,264.318542480469,296.791168212891,250.19987487793,297.998168945312,330.875183105469,391.598693847656,380.931243896484,352.941192626953,440.245819091797,277.736755371094,263.628295898438,278.142486572266,322.625518798828,284.426544189453,313.796051025391,254.340606689453,292.943023681641,292.021545410156,563.346923828125,378.138366699219,332.447570800781,290.612976074219,450.607513427734,533.753967285156,476.509002685547,423.945678710938,369.858917236328,341.915893554688,315.766876220703,234.752975463867,408.471893310547,381.182861328125,533.831787109375,409.263610839844,369.625213623047,318.586456298828,253.018829345703,259.621917724609,350.464080810547,238.0966796875,331.414916992188,301.694244384766,147.507507324219,294.450775146484,354.448547363281,287.222747802734,261.037200927734,293.347076416016,338.755706787109,241.215637207031,331.654205322266,322.336791992188,249.648956298828,314.885284423828,297.787994384766,387.616516113281,333.476440429688,223.217254638672,323.65966796875,445.685150146484,184.359985351562,410.449829101562,321.836395263672
"30","15050201",440.977111816406,453.519561767578,311.559753417969,444.756317138672,345.838439941406,346.953582763672,396.163970947266,435.746978759766,452.775207519531,402.446014404297,368.170043945312,317.349212646484,299.298645019531,372.120330810547,394.432098388672,326.509033203125,351.104797363281,328.657684326172,333.576110839844,485.992309570312,494.33984375,361.433227539062,330.973175048828,403.529876708984,466.171600341797,659.739624023438,535.163513183594,509.029357910156,476.011138916016,419.865844726562,444.921752929688,279.876525878906,482.238372802734,447.046783447266,541.77734375,363.915832519531,425.975341796875,338.323638916016,380.001037597656,390.685028076172,357.636199951172,356.321441650391,412.022277832031,322.554504394531,273.265594482422,303.614807128906,403.774383544922,311.589263916016,388.098480224609,394.845611572266,378.420928955078,305.787200927734,422.383605957031,440.603088378906,322.472045898438,340.807891845703,390.895202636719,521.788635253906,428.571472167969,366.311828613281,428.070526123047,538.582336425781,248.094009399414,453.485595703125,431.489532470703
"31","15050203",449.940826416016,482.613250732422,345.447357177734,451.944915771484,385.980834960938,394.999389648438,461.443756103516,472.391540527344,496.661499023438,444.311218261719,478.399322509766,348.294555664062,351.402038574219,397.589630126953,422.149719238281,390.20263671875,391.862152099609,346.593353271484,373.4130859375,452.505218505859,614.387878417969,435.036407470703,424.679443359375,420.086303710938,571.54638671875,762.080078125,599.328247070312,550.268371582031,499.335418701172,442.901489257812,446.106353759766,296.497741699219,528.944030761719,482.736541748047,660.599487304688,444.164154052734,471.309265136719,405.124694824219,385.214202880859,388.124084472656,443.023406982422,361.839477539062,448.777069091797,387.030700683594,248.075912475586,367.417358398438,454.382476806641,361.646789550781,397.936859130859,423.287933349609,428.679107666016,324.207183837891,459.662200927734,493.291687011719,352.499206542969,382.561096191406,407.540985107422,554.400451660156,457.867584228516,346.06982421875,450.288635253906,549.977844238281,249.031997680664,525.312866210938,491.974456787109
"32","15050301",456.972808837891,532.926818847656,352.994659423828,464.353057861328,350.842651367188,379.938537597656,465.674255371094,435.574493408203,548.196655273438,475.114593505859,435.991882324219,362.095245361328,378.152252197266,450.296661376953,410.3837890625,368.314300537109,412.471862792969,356.211883544922,387.229705810547,496.07421875,606.997924804688,385.472503662109,397.351348876953,412.099578857422,523.184692382812,759.337158203125,645.863220214844,529.294311523438,500.801208496094,419.033996582031,454.957427978516,312.722198486328,567.952819824219,442.29541015625,632.032775878906,425.08642578125,437.412811279297,386.560607910156,371.590942382812,367.687713623047,436.277526855469,397.79638671875,468.522094726562,374.847595214844,259.217926025391,400.67578125,403.316070556641,329.882751464844,412.170074462891,398.594635009766,417.400817871094,314.464050292969,462.477142333984,519.523193359375,370.76171875,376.083953857422,423.686401367188,549.221374511719,471.72119140625,382.750244140625,473.105194091797,586.551818847656,240.597518920898,440.251770019531,420.122100830078
"33","15050302",474.349365234375,523.028564453125,343.639495849609,463.009185791016,375.943145751953,385.773193359375,468.277191162109,457.8935546875,527.739318847656,469.518798828125,429.724670410156,349.056427001953,371.864471435547,436.159362792969,427.780822753906,370.739318847656,407.742614746094,350.513793945312,387.017517089844,496.026763916016,594.249816894531,393.225006103516,401.554779052734,419.670989990234,544.179504394531,748.516418457031,635.354187011719,539.735778808594,499.411376953125,428.794677734375,464.802734375,307.389556884766,564.113891601562,457.288208007812,643.5703125,431.783660888672,454.726989746094,397.325378417969,387.224670410156,381.252044677734,440.249877929688,397.502624511719,462.812835693359,382.56591796875,261.848083496094,380.628326416016,414.729949951172,342.9580078125,418.968994140625,413.573486328125,418.096008300781,320.207244873047,466.28271484375,521.392395019531,366.643005371094,369.435302734375,423.658355712891,552.627502441406,469.340393066406,378.886016845703,469.038360595703,554.165954589844,243.670516967773,466.920379638672,466.532073974609
"34","15050303",199.929626464844,288.977355957031,177.331283569336,236.124160766602,176.571411132812,210.476409912109,257.876129150391,299.693817138672,267.692962646484,289.275604248047,288.791076660156,194.460968017578,204.818557739258,209.912216186523,252.693969726562,183.13102722168,241.732666015625,178.413879394531,231.38313293457,224.292190551758,436.703308105469,260.612609863281,212.330871582031,193.320953369141,336.735321044922,381.237731933594,399.217498779297,302.342864990234,261.409790039062,240.155197143555,229.047485351562,162.634719848633,309.846527099609,254.545394897461,402.300079345703,289.160400390625,268.666412353516,208.92073059082,168.6376953125,177.951690673828,251.319061279297,180.782760620117,242.460296630859,211.945510864258,107.317070007324,221.069519042969,246.238021850586,192.859710693359,186.4541015625,196.508575439453,227.729125976562,167.669631958008,233.462020874023,242.989349365234,185.00260925293,230.573577880859,224.343612670898,276.141235351562,243.871276855469,170.142501831055,250.38330078125,318.914581298828,125.322151184082,251.991836547852,228.145355224609
"35","15050304",358.774444580078,453.211730957031,298.202331542969,400.310028076172,295.048309326172,323.012084960938,408.928436279297,375.46923828125,457.408508300781,422.565368652344,373.478759765625,300.913879394531,337.631042480469,373.884399414062,357.7197265625,289.465484619141,363.112884521484,294.975891113281,340.095153808594,401.232788085938,542.355529785156,336.898864746094,326.631042480469,327.309600830078,459.399230957031,643.631774902344,580.101196289062,436.903411865234,408.669799804688,337.878479003906,355.999542236328,254.426147460938,488.901336669922,352.103454589844,549.56884765625,367.495574951172,371.380676269531,313.361206054688,297.255126953125,291.501556396484,374.155731201172,337.920745849609,380.147644042969,318.524780273438,199.815200805664,350.443084716797,332.426879882812,272.562103271484,344.350433349609,310.285339355469,349.0009765625,260.320037841797,376.441741943359,448.900512695312,312.931732177734,321.538269042969,366.029602050781,454.475067138672,392.327819824219,320.109283447266,404.290954589844,473.532287597656,180.598022460938,345.436309814453,336.6943359375
"36","15050305",249.615783691406,363.649475097656,236.009765625,312.944610595703,233.037200927734,244.127746582031,327.804046630859,317.730804443359,328.372406005859,345.976013183594,299.121520996094,224.061309814453,267.215850830078,270.103790283203,305.067230224609,210.040710449219,300.303192138672,217.756225585938,285.718322753906,295.952270507812,461.349822998047,290.966064453125,238.502670288086,242.005355834961,384.279754638672,484.693237304688,472.291900634766,337.256652832031,298.571258544922,260.216094970703,263.752868652344,189.609481811523,381.633148193359,275.478271484375,447.746337890625,302.62353515625,300.17333984375,240.819000244141,216.088806152344,217.362075805664,291.267211914062,244.16194152832,291.834655761719,249.060607910156,144.7783203125,272.708435058594,264.441711425781,211.537322998047,249.99072265625,227.771011352539,269.092102050781,198.611282348633,281.415252685547,331.979339599609,232.776870727539,260.533874511719,285.102172851562,347.439117431641,297.904357910156,230.310119628906,315.150939941406,347.452056884766,132.473754882812,250.703475952148,281.082946777344
"37","15050306",209.08332824707,325.493347167969,215.174377441406,279.120880126953,201.937698364258,218.57275390625,283.764709472656,302.747711181641,280.860321044922,312.871887207031,273.180816650391,200.528625488281,240.37451171875,216.712341308594,274.054870605469,184.011825561523,263.947143554688,183.666229248047,265.006011962891,252.442718505859,443.283050537109,266.558502197266,203.099487304688,207.348678588867,351.904022216797,424.443206787109,422.942138671875,309.387786865234,255.873046875,240.180541992188,233.83073425293,162.980911254883,330.245056152344,248.319381713867,394.715698242188,274.911865234375,264.846649169922,205.50651550293,173.700378417969,179.19465637207,259.497589111328,199.564636230469,249.827301025391,218.740325927734,118.551292419434,246.076309204102,241.977081298828,189.189880371094,200.943481445312,192.933898925781,233.079818725586,173.371185302734,244.270797729492,269.119079589844,202.488647460938,244.522506713867,245.219451904297,299.737548828125,259.678375244141,190.82682800293,271.8583984375,353.291046142578,131.332305908203,223.591094970703,254.548217773438
"38","15060106",303.535705566406,337.931518554688,267.045959472656,271.141052246094,243.489791870117,296.300933837891,308.190063476562,428.592010498047,376.016296386719,349.641296386719,446.024444580078,294.499206542969,276.799896240234,252.945220947266,312.147033691406,295.007110595703,319.082702636719,244.403823852539,317.673583984375,272.750213623047,586.392028808594,382.309387207031,347.066741943359,290.258758544922,451.214080810547,518.214538574219,455.268859863281,433.007232666016,369.334228515625,375.452392578125,327.614288330078,247.892776489258,403.154479980469,398.136932373047,540.48779296875,425.284240722656,360.649780273438,334.828399658203,240.758605957031,260.995178222656,374.2919921875,235.005783081055,319.816253662109,306.383056640625,138.493881225586,309.618804931641,368.249847412109,300.510864257812,245.45475769043,288.746704101562,361.407318115234,251.303237915039,342.812408447266,277.311370849609,253.623672485352,338.706970214844,295.982696533203,387.809478759766,335.879547119141,213.307144165039,306.325408935547,461.750610351562,210.902954101562,410.617218017578,282.010070800781
"39","15070101",150.890670776367,244.506698608398,139.020217895508,193.451156616211,143.162460327148,167.268402099609,206.513031005859,280.136291503906,205.411972045898,251.396987915039,222.662673950195,165.67317199707,180.393829345703,148.982315063477,188.460998535156,150.187927246094,191.881881713867,132.451278686523,210.034072875977,186.972351074219,389.21435546875,213.763656616211,169.494003295898,153.622009277344,286.893096923828,304.660461425781,324.744445800781,244.233825683594,196.351821899414,210.110870361328,186.705642700195,127.869491577148,236.619552612305,209.832778930664,334.051483154297,238.718933105469,212.20768737793,157.735198974609,121.048583984375,141.941604614258,208.421890258789,136.364471435547,178.625930786133,163.292663574219,83.763542175293,188.224029541016,205.538299560547,159.841369628906,129.110260009766,152.875213623047,175.742034912109,136.850570678711,189.511276245117,169.427032470703,156.676956176758,200.657440185547,176.845291137695,218.569076538086,196.267913818359,131.377593994141,184.496337890625,300.892883300781,110.888679504395,152.867782592773,152.13117980957
"40","15070201",98.2246170043945,140.686614990234,88.8632202148438,113.770401000977,84.6929397583008,185.634704589844,111.477394104004,209.303375244141,109.794311523438,197.657485961914,119.581642150879,143.097366333008,121.139663696289,108.145324707031,136.708786010742,110.84782409668,101.268127441406,73.7319183349609,204.22216796875,174.381622314453,276.714752197266,170.776382446289,114.212600708008,107.357078552246,206.15803527832,215.66569519043,226.230392456055,161.393539428711,120.713531494141,146.904769897461,126.316741943359,126.0888671875,144.787445068359,150.603805541992,243.549560546875,162.428909301758,173.016342163086,88.7374420166016,74.5445175170898,139.29345703125,147.371704101562,87.7494506835938,95.3337783813477,95.3933181762695,49.9454002380371,111.649612426758,156.034133911133,114.725830078125,62.7775268554688,82.3309478759766,80.6777725219727,86.868896484375,117.680679321289,112.902786254883,116.515701293945,132.643157958984,123.446014404297,164.032363891602,137.469131469727,95.0345153808594,133.744598388672,214.483154296875,93.6996765136719,85.4287948608398,64.2944412231445
"41","15070202",145.00309753418,244.515197753906,155.304397583008,200.43522644043,145.309906005859,179.829071044922,197.269805908203,254.65690612793,191.323501586914,257.917633056641,179.298110961914,160.538757324219,176.158233642578,140.202087402344,184.222442626953,138.03564453125,174.708236694336,122.488777160645,212.168090820312,199.205474853516,356.755310058594,205.354782104492,136.398803710938,151.597854614258,264.128295898438,311.744110107422,319.136871337891,230.000762939453,163.428314208984,186.216461181641,166.617248535156,142.49494934082,215.09162902832,179.866958618164,290.496978759766,215.744140625,201.033645629883,123.733329772949,104.326217651367,137.037536621094,186.568710327148,124.968124389648,163.835052490234,145.736755371094,75.1652526855469,174.589096069336,178.272918701172,138.915725708008,112.989234924316,118.66178894043,140.770141601562,118.35570526123,167.971603393555,173.21809387207,146.226669311523,184.849014282227,175.304321289062,215.625366210938,182.864761352539,126.29606628418,177.318832397461,285.404937744141,95.1965866088867,130.444839477539,129.550872802734
"42","15070203",125.801429748535,212.171325683594,137.958572387695,176.200057983398,129.073348999023,184.239196777344,165.271636962891,226.849594116211,156.606994628906,232.677368164062,142.946578979492,148.166061401367,155.153701782227,125.502136230469,170.683074951172,122.740646362305,143.552047729492,100.289138793945,206.272811889648,197.40380859375,311.396789550781,186.759094238281,113.455429077148,133.199523925781,231.731628417969,283.716674804688,274.232727050781,193.464279174805,132.694900512695,162.023254394531,140.423385620117,150.921127319336,183.800140380859,157.171051025391,251.557952880859,187.419631958008,184.020172119141,101.907218933105,89.8024063110352,131.354904174805,165.06591796875,105.551467895508,140.006683349609,121.934753417969,64.2211074829102,147.988540649414,160.906066894531,122.459938049316,93.3932113647461,94.9219512939453,109.093444824219,100.279586791992,143.623565673828,155.106948852539,124.981437683105,158.409729003906,157.601959228516,196.235580444336,160.235748291016,111.966773986816,157.92253112793,247.109970092773,86.7728042602539,114.364562988281,100.191062927246
"43","15030107",45.2389907836914,67.1782684326172,42.4704093933105,67.1906433105469,43.4219398498535,129.16487121582,55.4740943908691,132.250534057617,44.1876373291016,118.396270751953,67.7126235961914,101.198768615723,66.144905090332,69.9296569824219,94.9328002929688,75.5213851928711,48.1434936523438,37.2966499328613,147.031280517578,141.633178710938,187.627258300781,140.653503417969,73.5847854614258,69.7446441650391,153.541305541992,146.773406982422,132.44580078125,83.8577423095703,57.700496673584,89.7102432250977,78.1529541015625,95.230712890625,85.2377700805664,100.332214355469,165.441650390625,110.328659057617,116.059028625488,49.6257209777832,41.9768447875977,90.84619140625,80.1655731201172,39.4010314941406,49.3847312927246,51.5037956237793,22.5192565917969,59.3819122314453,109.041435241699,81.9994583129883,25.4045600891113,42.5566062927246,41.6522674560547,57.4151153564453,77.6015777587891,65.8393630981445,73.4234924316406,70.6690902709961,80.6270217895508,100.832778930664,90.8114395141602,66.6698913574219,84.9775924682617,130.50700378418,89.2575607299805,58.3352203369141,25.7947082519531
"44","15030108",46.7867202758789,69.0542297363281,42.9480514526367,65.8979797363281,43.3985824584961,142.243560791016,58.6389694213867,129.469192504883,44.4404029846191,128.784088134766,73.8683929443359,105.81396484375,70.9444274902344,80.2849807739258,105.215324401855,81.3087692260742,50.7592353820801,38.8596572875977,161.173431396484,141.386947631836,192.047439575195,146.718154907227,74.2615661621094,73.3734512329102,158.227462768555,159.299499511719,138.286956787109,89.5640335083008,60.6011161804199,93.1315002441406,76.5068283081055,100.710609436035,91.9589309692383,102.993125915527,164.585647583008,113.395050048828,119.444648742676,48.5786819458008,44.3846397399902,90.7188491821289,88.7910537719727,43.9562683105469,56.0419273376465,55.8635787963867,24.0877113342285,67.3021087646484,111.960998535156,84.6232452392578,29.3647937774658,42.8152084350586,42.8096580505371,56.5856513977051,81.0274047851562,73.7874603271484,75.3015975952148,76.5965042114258,83.968017578125,108.474052429199,93.8316268920898,70.2134017944336,91.9187927246094,133.534591674805,84.8853073120117,58.3902015686035,31.476957321167
"45","15050202",448.433441162109,503.003082275391,325.695220947266,439.71044921875,327.082733154297,347.413940429688,414.870056152344,426.649169921875,481.351837158203,441.767730712891,360.275329589844,336.11474609375,327.197540283203,419.333648681641,391.545745849609,332.064819335938,371.742797851562,332.431915283203,348.676879882812,499.786529541016,516.194580078125,338.148071289062,341.342651367188,385.943969726562,463.266448974609,652.539489746094,591.612609863281,490.358306884766,474.712371826172,398.674835205078,447.149871826172,294.280487060547,518.109436035156,433.750396728516,562.62158203125,370.108581542969,419.038757324219,347.151641845703,371.239562988281,376.338470458984,358.097961425781,386.943481445312,436.107635498047,339.842437744141,269.159729003906,331.707458496094,375.188018798828,308.986846923828,393.385009765625,391.562652587891,376.661376953125,302.279174804688,432.034271240234,460.855682373047,341.211883544922,341.696533203125,391.628784179688,519.740051269531,441.780029296875,395.693603515625,433.462463378906,534.419677734375,238.006637573242,461.305908203125,418.729278564453
"46","15080101",254.122253417969,389.790405273438,274.739105224609,339.535461425781,235.751022338867,249.471771240234,317.556365966797,313.719970703125,340.621337890625,349.927337646484,277.927307128906,227.710067749023,288.282196044922,257.229278564453,294.489501953125,211.44303894043,292.020904541016,208.979629516602,292.910705566406,312.658508300781,466.399627685547,283.193115234375,221.191879272461,248.909851074219,369.376953125,522.466430664062,470.265014648438,338.882629394531,287.003570556641,257.979217529297,255.357559204102,184.523681640625,375.011688232422,262.948974609375,416.444396972656,294.559143066406,284.109771728516,225.380447387695,201.981872558594,204.997695922852,287.3037109375,237.503875732422,281.555328369141,240.638702392578,141.874221801758,285.781982421875,253.327941894531,204.79817199707,237.079803466797,210.099258422852,254.425674438477,191.003555297852,276.300537109375,325.932739257812,234.092025756836,262.997680664062,284.5556640625,346.681243896484,292.931060791016,234.932891845703,308.828552246094,380.258483886719,141.509918212891,228.801116943359,277.916931152344
"47","15080102",178.366317749023,311.79150390625,212.179046630859,262.828186035156,184.948928833008,202.288833618164,231.71923828125,255.457534790039,240.76921081543,274.922241210938,192.287033081055,174.79280090332,215.393539428711,176.471450805664,228.05517578125,155.332580566406,209.60888671875,140.798446655273,232.633453369141,249.479705810547,385.943267822266,228.054748535156,150.179916381836,179.984893798828,286.631683349609,403.697387695312,362.315124511719,258.163024902344,191.771179199219,197.561264038086,183.168533325195,175.712631225586,258.913482666016,196.214477539062,303.007781982422,238.436782836914,223.212677001953,147.303253173828,128.321441650391,153.191604614258,209.416870117188,146.371429443359,203.351898193359,166.442031860352,90.3098526000977,202.450790405273,196.798034667969,156.75651550293,143.459045410156,129.715591430664,161.572662353516,132.067611694336,193.965621948242,222.087341308594,162.091110229492,196.762008666992,216.02392578125,260.750427246094,210.463134765625,161.111953735352,221.921051025391,293.3349609375,111.198951721191,163.001907348633,149.885894775391
"48","15080103",104.253425598145,179.781661987305,116.572288513184,149.180709838867,113.011352539062,180.410598754883,132.238815307617,197.084548950195,119.205421447754,204.332489013672,118.828407287598,141.746276855469,132.942276000977,116.381851196289,161.373657226562,111.705856323242,116.766571044922,79.2464981079102,198.506454467773,194.453277587891,276.083312988281,176.241882324219,95.0884323120117,114.924087524414,204.532043457031,258.933898925781,228.531372070312,153.300857543945,103.109550476074,137.651123046875,114.961204528809,146.599273681641,158.556701660156,139.195648193359,221.174346923828,163.677261352539,168.049011230469,82.1689529418945,75.6821060180664,119.761795043945,143.652114868164,85.1968994140625,119.87825012207,102.347412109375,52.5396537780762,122.658477783203,149.394027709961,109.095611572266,74.5250854492188,76.6309585571289,85.4041748046875,85.4617156982422,123.600967407227,135.43017578125,107.531173706055,133.356216430664,139.922576904297,176.202163696289,140.606216430664,100.519683837891,138.623245239258,203.20100402832,81.6332931518555,97.9698638916016,85.4176635742188
"49","15030101",174.495819091797,168.379013061523,126.281646728516,94.2667083740234,81.0050888061523,135.41877746582,70.8799514770508,224.83984375,125.402366638184,140.755325317383,111.90909576416,157.358459472656,128.851348876953,104.581985473633,133.08317565918,153.626525878906,134.783157348633,98.8662109375,178.031005859375,161.696670532227,335.903106689453,222.593505859375,193.062881469727,142.587646484375,215.805892944336,235.470474243164,232.110824584961,146.183120727539,167.159332275391,162.693237304688,164.644760131836,92.5249404907227,167.456283569336,190.970520019531,295.344787597656,181.476196289062,197.102447509766,142.409698486328,100.962364196777,159.06428527832,178.856979370117,108.123245239258,107.711738586426,109.355590820312,48.0024528503418,139.524749755859,235.652053833008,166.154830932617,61.4901657104492,102.211387634277,108.800735473633,106.062118530273,136.668960571289,97.9069747924805,193.388687133789,115.04288482666,112.158065795898,172.272521972656,133.89436340332,118.927017211914,145.336868286133,226.582885742188,84.9147415161133,95.7906646728516,91.3807067871094
"50","15080200",469.725402832031,598.255981445312,420.332641601562,526.376403808594,352.065093994141,405.916564941406,481.365997314453,428.755889892578,587.44384765625,488.036163330078,442.329345703125,400.983276367188,432.759307861328,492.366912841797,406.933746337891,392.381958007812,440.143676757812,373.190490722656,422.480987548828,517.816345214844,634.55908203125,392.140625,400.095275878906,438.442504882812,526.208251953125,839.722106933594,666.578125,516.559326171875,520.792175292969,430.258209228516,471.571350097656,321.987915039062,614.442077636719,451.354949951172,661.185180664062,428.057647705078,434.961456298828,393.143829345703,372.542083740234,374.245574951172,467.736877441406,432.066101074219,489.616790771484,385.756774902344,281.281097412109,451.210662841797,412.649536132812,332.2744140625,429.411743164062,396.685882568359,437.37109375,319.760131835938,473.923248291016,554.876953125,411.979614257812,406.363433837891,451.044036865234,573.25390625,503.857177734375,413.789886474609,503.081115722656,657.219970703125,263.709747314453,452.732177734375,403.523223876953
"51","15080301",445.546508789062,462.019256591797,312.849700927734,421.568725585938,314.228424072266,322.716644287109,379.478088378906,419.760559082031,460.695007324219,410.364288330078,354.730010986328,318.491302490234,290.96142578125,387.229034423828,394.727600097656,313.436401367188,353.252502441406,324.082336425781,328.555694580078,507.769866943359,474.706787109375,329.37109375,302.938659667969,393.672180175781,418.393737792969,602.197265625,550.390380859375,484.298919677734,473.868469238281,397.429504394531,441.152008056641,288.968811035156,487.357086181641,446.7568359375,513.087646484375,353.664031982422,398.327789306641,319.872711181641,364.784362792969,374.695220947266,315.309844970703,364.891326904297,412.968597412109,315.159881591797,281.987243652344,293.470611572266,378.901916503906,290.763000488281,381.809173583984,373.668365478516,365.073272705078,297.589874267578,409.637329101562,417.568878173828,320.71533203125,339.269561767578,372.158294677734,509.990081787109,425.464630126953,408.139251708984,410.188934326172,524.682067871094,249.751403808594,398.461029052734,416.469940185547
"52","15040006",400.843444824219,359.025665283203,274.181549072266,379.802734375,307.277465820312,293.545654296875,333.495849609375,381.649200439453,369.649108886719,325.753814697266,309.264007568359,266.262084960938,239.349075317383,294.012268066406,355.8046875,274.941040039062,298.435211181641,292.36376953125,285.750762939453,421.208343505859,422.437774658203,310.673980712891,269.791412353516,358.530548095703,386.528259277344,549.310424804688,446.816436767578,447.281036376953,422.571075439453,371.009490966797,375.943603515625,233.040252685547,412.787658691406,404.509887695312,452.141754150391,318.043395996094,369.439971923828,279.281677246094,337.355163574219,349.953369140625,294.65625,291.384643554688,344.635101318359,259.713226318359,247.687515258789,245.608352661133,357.300598144531,266.293121337891,342.454650878906,333.128570556641,324.714538574219,272.124176025391,357.723510742188,358.652770996094,263.090972900391,295.328735351562,341.062042236328,456.969390869141,363.016418457031,315.391479492188,361.377685546875,454.775634765625,237.577972412109,345.309204101562,345.327606201172
"53","15030104",96.0805053710938,115.640632629395,75.586540222168,82.9747009277344,61.8381080627441,156.805633544922,66.4911575317383,186.030181884766,90.0848846435547,147.102249145508,94.6235046386719,130.632583618164,99.1837692260742,83.1541519165039,112.361907958984,105.905029296875,77.391487121582,53.7423896789551,182.232513427734,164.47721862793,254.395004272461,162.076843261719,125.605049133301,94.5584335327148,181.877243041992,186.255279541016,186.054443359375,132.367263793945,117.926368713379,120.908226013184,124.688835144043,103.364852905273,122.791709899902,143.604202270508,239.271743774414,146.167678833008,163.130783081055,84.042106628418,69.5523681640625,134.333526611328,120.103294372559,70.0900192260742,66.2532272338867,80.6067581176758,37.2836494445801,89.6588897705078,155.318954467773,115.461051940918,41.7991943359375,69.7338256835938,65.5941543579102,81.6909713745117,99.7855377197266,84.9710464477539,111.784690856934,99.9384765625,102.839363098145,135.522232055664,118.469032287598,93.5801696777344,116.713478088379,169.892364501953,79.0383224487305,58.4734535217285,48.4507102966309
"54","15040002",416.27587890625,354.225128173828,293.267028808594,401.557647705078,340.259552001953,304.564727783203,355.930908203125,408.124206542969,391.027435302734,336.923675537109,329.59521484375,281.551574707031,236.04460144043,282.290802001953,367.045928955078,289.897491455078,302.192687988281,322.497192382812,285.352081298828,395.350860595703,439.282196044922,350.868438720703,292.874206542969,357.396331787109,410.521850585938,552.893676757812,437.984344482422,466.523010253906,451.982177734375,397.374664306641,383.666259765625,226.298522949219,418.901000976562,415.776336669922,467.051666259766,353.590972900391,387.458892822266,288.95458984375,360.483764648438,366.36181640625,315.015258789062,296.171905517578,340.943634033203,271.343719482422,270.559020996094,248.402770996094,382.982513427734,280.176727294922,365.851989746094,353.699981689453,340.390777587891,289.172790527344,363.222839355469,356.287445068359,266.211700439453,313.912780761719,359.758178710938,474.716217041016,368.672546386719,309.2470703125,365.463775634766,426.049835205078,217.520401000977,324.34228515625,352.158843994141
"55","15040003",474.959594726562,387.686614990234,318.062438964844,436.055908203125,368.078552246094,339.029388427734,384.808227539062,427.305419921875,404.004302978516,357.551330566406,372.023315429688,304.324432373047,269.762176513672,306.627563476562,408.972137451172,320.901123046875,337.040252685547,348.886474609375,326.318786621094,462.9697265625,460.507110595703,354.721557617188,300.457672119141,418.704162597656,433.471710205078,611.453125,489.371002197266,518.685241699219,490.830841064453,431.041229248047,424.075561523438,259.911743164062,477.851806640625,467.534698486328,490.616973876953,353.949890136719,411.951293945312,318.746337890625,391.165374755859,411.434478759766,348.828430175781,331.543640136719,381.358489990234,293.609069824219,289.869262695312,269.760894775391,427.412902832031,305.936981201172,402.982482910156,379.13037109375,367.331573486328,313.248291015625,408.436645507812,395.389739990234,294.828826904297,342.116149902344,392.84326171875,525.588562011719,414.482666015625,365.441528320312,405.008758544922,492.889923095703,306.69189453125,356.725311279297,395.405700683594
"56","15080302",447.816986083984,417.861053466797,290.801849365234,381.888336181641,302.845825195312,302.701141357422,360.900115966797,398.390960693359,415.021484375,370.244262695312,339.601409912109,291.992858886719,263.184661865234,342.018707275391,387.240570068359,302.611694335938,334.163360595703,312.794464111328,315.082672119141,485.40869140625,440.592681884766,310.896270751953,275.185668945312,397.611480712891,379.350982666016,566.749328613281,514.515197753906,457.944427490234,456.857360839844,379.605499267578,409.020385742188,268.286071777344,465.90576171875,449.767059326172,476.969665527344,342.123474121094,369.754364013672,294.433227539062,343.64599609375,358.960266113281,288.103668212891,336.969360351562,376.619750976562,284.85009765625,279.083129882812,271.382263183594,373.085632324219,278.324310302734,381.413238525391,350.687805175781,354.942535400391,286.558227539062,386.447875976562,376.573455810547,295.979461669922,338.228820800781,353.350738525391,489.644165039062,396.576751708984,399.913024902344,375.332336425781,508.679077148438,260.822113037109,356.847625732422,341.557495117188
"57","15010002",347.795166015625,246.448501586914,292.629699707031,261.840606689453,214.736770629883,280.365936279297,230.059341430664,388.397552490234,296.239196777344,310.862609863281,330.330322265625,339.411712646484,292.550567626953,250.100296020508,291.479248046875,278.096893310547,254.715774536133,262.288757324219,250.273361206055,257.644104003906,410.167358398438,340.318267822266,371.171203613281,356.644165039062,411.760589599609,449.264068603516,334.368621826172,329.507293701172,328.972778320312,357.593688964844,311.038360595703,188.07292175293,321.764434814453,324.109436035156,383.611694335938,315.267578125,299.234252929688,343.190551757812,265.051208496094,361.883575439453,409.396118164062,276.807830810547,261.723236083984,249.988342285156,174.408599853516,269.597564697266,406.414978027344,312.568542480469,221.417861938477,247.98014831543,270.754974365234,189.8544921875,332.737152099609,251.61604309082,365.419647216797,274.96875,249.777099609375,392.667816162109,287.543548583984,234.186340332031,280.073822021484,384.200836181641,157.594543457031,321.373229980469,294.618927001953
"58","15010004",405.601593017578,274.014526367188,364.541778564453,288.695373535156,276.198455810547,317.525604248047,298.507843017578,453.290100097656,331.124816894531,348.040252685547,360.950744628906,391.795471191406,351.207244873047,295.594360351562,324.8017578125,297.318603515625,280.817352294922,306.893646240234,285.921295166016,279.226928710938,361.624603271484,331.681915283203,371.38916015625,406.359497070312,423.153015136719,503.626861572266,301.886474609375,382.405853271484,385.555206298828,404.850189208984,345.600463867188,213.673263549805,390.716888427734,376.145538330078,412.384765625,329.826080322266,319.03173828125,372.838317871094,287.258209228516,383.199401855469,463.267059326172,339.047088623047,300.07177734375,293.651153564453,236.632965087891,328.057220458984,444.672973632812,336.304931640625,277.376403808594,263.010192871094,314.90087890625,214.072662353516,380.282684326172,291.611053466797,357.153106689453,345.33203125,292.28271484375,471.679656982422,309.895263671875,263.112854003906,318.615234375,422.390350341797,189.554122924805,368.867004394531,347.231719970703
"59","15010007",307.495056152344,264.565032958984,227.454544067383,195.17985534668,156.731582641602,233.832427978516,168.083068847656,369.920349121094,236.281021118164,251.729598999023,242.052978515625,278.3427734375,243.780151367188,221.386276245117,249.843704223633,250.394180297852,230.205917358398,187.196533203125,280.022827148438,245.977233886719,468.786529541016,356.842315673828,312.604217529297,262.615234375,355.261657714844,391.418701171875,359.612701416016,280.740570068359,286.328216552734,291.393615722656,272.368957519531,158.676193237305,314.955810546875,313.164703369141,397.828369140625,271.701477050781,276.0673828125,245.50178527832,182.406311035156,265.710418701172,315.085266113281,210.712707519531,201.6884765625,185.121398925781,100.62336730957,229.878662109375,374.759979248047,269.012664794922,146.758712768555,210.354949951172,211.602279663086,170.700317382812,247.349166870117,184.139953613281,347.031890869141,215.034545898438,194.928192138672,313.506378173828,237.309204101562,187.218673706055,240.671020507812,316.726287841797,140.721420288086,229.309280395508,219.852783203125
"60","15010009",356.658996582031,230.421875,301.029754638672,282.651031494141,232.869400024414,301.747955322266,240.524856567383,419.231964111328,300.232513427734,362.045104980469,345.695892333984,381.133026123047,319.241241455078,261.348907470703,315.228363037109,319.646453857422,270.066558837891,288.940673828125,235.500991821289,264.326202392578,436.226867675781,363.422760009766,423.098022460938,364.790435791016,442.72607421875,502.973022460938,316.849670410156,364.6044921875,338.674133300781,383.505432128906,335.810913085938,209.138671875,284.755310058594,318.386810302734,372.430114746094,344.511535644531,337.883758544922,402.512878417969,330.783508300781,399.881011962891,470.871307373047,271.785491943359,301.478088378906,279.133850097656,186.292953491211,277.647277832031,396.41943359375,362.208984375,249.932510375977,234.760513305664,288.240905761719,186.050811767578,377.10595703125,297.192901611328,383.497833251953,278.597808837891,271.866241455078,406.035705566406,316.261383056641,287.787506103516,301.093566894531,465.405303955078,209.545440673828,327.283355712891,276.877136230469
"61","15020002",319.5078125,318.952087402344,221.438461303711,273.579803466797,260.521209716797,259.079711914062,339.396392822266,311.611694335938,249.691040039062,287.930053710938,320.338592529297,303.507049560547,200.309799194336,270.035064697266,305.849975585938,267.781555175781,260.850311279297,309.076354980469,280.827972412109,327.028259277344,320.099609375,303.817504882812,305.435455322266,304.326812744141,354.121276855469,384.636016845703,438.677001953125,338.895782470703,361.338043212891,331.174285888672,330.030883789062,205.710723876953,300.449462890625,266.207061767578,426.538482666016,302.785491943359,318.61474609375,231.624984741211,270.361145019531,300.013977050781,308.249816894531,302.460632324219,276.948822021484,275.054382324219,244.202209472656,229.730072021484,280.723236083984,227.891784667969,266.797882080078,237.057708740234,289.621643066406,185.769470214844,278.240936279297,256.273406982422,238.930923461914,300.026397705078,279.709991455078,446.852661132812,291.908782958984,213.153198242188,309.532073974609,331.610137939453,207.92985534668,278.879333496094,353.575775146484
"62","15020007",236.781631469727,260.480316162109,172.590194702148,215.859313964844,202.881439208984,216.113708496094,277.456939697266,262.233215332031,192.956314086914,211.603378295898,261.588073730469,236.479751586914,160.380798339844,208.099044799805,246.677444458008,220.258895874023,212.077346801758,229.854080200195,212.918029785156,253.990051269531,253.691543579102,244.745697021484,240.883880615234,242.818878173828,295.148986816406,305.614624023438,339.075714111328,282.769714355469,284.012298583984,271.766754150391,273.357330322266,151.251770019531,236.217758178711,197.254272460938,344.651245117188,244.194763183594,250.844299316406,185.541458129883,203.909317016602,262.360076904297,244.854156494141,238.731369018555,219.215621948242,203.209060668945,191.525939941406,179.88459777832,233.193649291992,189.862380981445,204.436508178711,176.786666870117,230.269760131836,133.021591186523,229.228134155273,202.001342773438,182.244674682617,242.444366455078,226.036804199219,361.090393066406,229.560409545898,157.598556518555,249.852020263672,279.338684082031,148.128936767578,230.438034057617,254.201019287109
"63","15020008",319.103332519531,300.050842285156,263.001556396484,260.363677978516,259.551208496094,289.954071044922,313.822967529297,357.1845703125,284.091491699219,299.774505615234,317.558044433594,331.328308105469,250.555053710938,264.602325439453,296.487518310547,272.298095703125,259.7431640625,288.995025634766,298.196960449219,310.136657714844,296.006866455078,303.589630126953,303.10205078125,335.368377685547,361.107513427734,393.743011474609,389.715423583984,368.313293457031,360.6142578125,366.589538574219,326.240264892578,222.461044311523,340.132202148438,300.386169433594,435.749572753906,321.902557373047,305.852233886719,266.122802734375,262.305572509766,294.856658935547,339.936614990234,303.795928955078,257.753082275391,258.133148193359,193.657760620117,268.744659423828,321.467132568359,250.921722412109,268.096496582031,218.730804443359,305.016632080078,190.655319213867,319.546875,269.823638916016,254.24348449707,325.402191162109,272.042816162109,451.300659179688,304.044799804688,207.494140625,295.102416992188,354.225189208984,189.513565063477,321.102752685547,316.708984375
"64","15020011",217.676986694336,241.452880859375,193.083190917969,224.813217163086,204.411834716797,235.567733764648,263.597930908203,295.016662597656,222.10026550293,216.411193847656,275.640380859375,257.438110351562,184.824005126953,197.556289672852,240.229843139648,240.734130859375,213.695388793945,218.819519042969,209.295654296875,239.856811523438,252.852767944336,238.66389465332,248.36767578125,249.745651245117,304.044616699219,321.445465087891,303.4638671875,319.006561279297,288.029205322266,302.828643798828,285.340454101562,149.913284301758,244.405517578125,202.742370605469,348.221313476562,263.562133789062,237.487579345703,205.995651245117,194.867111206055,274.078582763672,264.362915039062,245.028274536133,219.416473388672,195.271560668945,195.791702270508,198.136306762695,252.791717529297,214.938842773438,200.76448059082,173.736694335938,240.524429321289,136.048675537109,268.691192626953,204.20654296875,188.043121337891,267.141723632812,218.670761108398,374.532409667969,233.501525878906,168.341644287109,238.889297485352,299.137145996094,124.98445892334,251.216049194336,246.767639160156
"65","15020016",279.834259033203,211.955490112305,260.89892578125,223.055709838867,210.750030517578,237.38069152832,217.782333374023,326.951263427734,249.400299072266,260.760223388672,257.333282470703,271.821136474609,233.893661499023,215.041198730469,242.466705322266,229.490844726562,202.910430908203,218.93505859375,203.095596313477,216.505477905273,241.994567871094,258.007415771484,270.597595214844,306.295166015625,313.013885498047,337.487854003906,241.318008422852,274.317291259766,281.691741943359,300.619049072266,247.942581176758,155.964431762695,283.403717041016,261.733123779297,323.088897705078,262.987365722656,241.187545776367,246.027633666992,210.685882568359,272.634765625,310.399139404297,249.256530761719,211.039031982422,205.27864074707,174.381423950195,234.059417724609,318.122131347656,232.955657958984,204.51399230957,199.336334228516,237.009185791016,158.126907348633,280.765167236328,212.452682495117,223.132904052734,265.424102783203,219.170074462891,360.801422119141,228.696197509766,165.576263427734,222.935302734375,266.815155029297,133.920425415039,233.499923706055,251.549911499023
"66","15020017",198.546752929688,180.187118530273,202.702529907227,198.100479125977,178.886184692383,213.343048095703,198.574005126953,278.800079345703,220.859649658203,209.295700073242,242.184295654297,227.719253540039,182.947021484375,172.589797973633,209.092071533203,223.702011108398,170.136505126953,181.822311401367,164.619598388672,187.266021728516,214.631988525391,227.986373901367,238.526260375977,246.328826904297,288.355438232422,297.980560302734,212.856262207031,272.34033203125,237.887878417969,268.376586914062,232.781600952148,123.712295532227,218.314163208008,200.2275390625,310.014129638672,244.060104370117,209.200408935547,201.60693359375,173.969146728516,242.844192504883,252.55793762207,215.525741577148,188.120758056641,177.016860961914,165.132797241211,186.767272949219,268.796905517578,201.724563598633,168.764755249023,161.557907104492,211.516998291016,131.307220458984,253.197631835938,183.855255126953,174.225509643555,239.695877075195,196.492568969727,324.088287353516,203.523788452148,141.990097045898,199.410446166992,221.728454589844,101.517082214355,215.735977172852,210.015350341797
"67","15020018",191.481170654297,162.887741088867,203.025268554688,191.948883056641,173.386581420898,196.374237060547,169.897598266602,273.250885009766,220.9931640625,213.772705078125,229.773773193359,229.471710205078,188.159133911133,160.607498168945,201.756088256836,218.028106689453,157.371429443359,174.064697265625,145.123764038086,161.216690063477,216.589721679688,228.675384521484,251.863815307617,248.663589477539,279.803192138672,306.834228515625,172.37629699707,263.987976074219,224.899032592773,251.91618347168,212.600357055664,113.129470825195,193.592422485352,194.251647949219,284.973907470703,235.450134277344,198.012786865234,206.450256347656,169.106872558594,245.237899780273,257.300476074219,206.154357910156,190.602935791016,176.829666137695,168.828140258789,188.780151367188,272.36767578125,210.334548950195,161.241729736328,159.719329833984,198.847351074219,133.542205810547,266.710357666016,180.384170532227,170.130187988281,236.315032958984,196.117858886719,306.604370117188,197.903137207031,143.363342285156,192.204376220703,210.462020874023,104.328536987305,201.818634033203,212.178466796875
"68","15030201",343.744659423828,312.302947998047,268.638519287109,253.22998046875,210.990447998047,294.838531494141,246.527374267578,485.612609863281,307.686584472656,308.30517578125,328.112396240234,338.437194824219,309.564270019531,291.344787597656,307.100891113281,297.999786376953,272.547424316406,211.086151123047,331.240936279297,287.023071289062,509.850921630859,384.350646972656,352.782928466797,323.402160644531,414.126190185547,454.282348632812,386.686828613281,370.347229003906,363.671264648438,346.721313476562,338.972351074219,200.278411865234,402.836822509766,380.261932373047,466.022796630859,321.686401367188,332.74951171875,287.623474121094,225.060089111328,309.68896484375,358.837158203125,256.668182373047,240.819183349609,237.567153930664,133.158248901367,269.979309082031,423.629486083984,321.832855224609,191.718826293945,267.176544189453,278.757385253906,211.557556152344,303.641387939453,237.040878295898,372.156677246094,289.512420654297,251.268630981445,383.279235839844,302.719512939453,235.119171142578,300.103332519531,383.447174072266,174.967224121094,288.034088134766,285.329895019531
"69","15060201",424.384765625,315.79345703125,352.007690429688,314.993530273438,281.313201904297,332.866333007812,333.830841064453,516.386169433594,340.838500976562,341.193542480469,415.961364746094,414.80615234375,389.487731933594,346.146179199219,365.324127197266,335.034851074219,308.272064208984,282.231018066406,354.867004394531,319.298522949219,423.683746337891,389.122283935547,382.112609863281,404.180358886719,463.505310058594,517.610473632812,366.299652099609,406.309814453125,425.471557617188,426.130157470703,349.148132324219,238.973220825195,469.694915771484,430.90283203125,462.488525390625,339.052642822266,342.482879638672,352.768310546875,289.187774658203,366.275268554688,445.821899414062,330.704162597656,303.042694091797,283.465545654297,195.461578369141,323.808410644531,465.121948242188,360.201629638672,290.207885742188,321.747375488281,365.461059570312,243.138854980469,394.748138427734,297.368591308594,395.143310546875,358.968322753906,305.952697753906,482.755920410156,351.590087890625,269.001251220703,351.809722900391,436.278594970703,200.316650390625,395.947418212891,366.934387207031
"70","15060202",535.740295410156,408.351165771484,459.559173583984,410.665435791016,385.483184814453,424.320678710938,422.931091308594,632.92236328125,439.623352050781,483.794830322266,472.066589355469,493.591552734375,475.263793945312,417.500854492188,440.416931152344,410.155395507812,388.091278076172,378.22119140625,455.148559570312,406.786407470703,469.176666259766,447.178314208984,443.028076171875,514.646545410156,535.714538574219,635.991577148438,460.962951660156,512.135375976562,547.505737304688,531.48291015625,460.483215332031,308.08740234375,576.703308105469,508.476715087891,575.621459960938,439.459289550781,434.665893554688,433.097229003906,369.079498291016,452.794281005859,548.22509765625,424.986206054688,387.067199707031,357.647491455078,250.28352355957,434.556488037109,523.09521484375,427.239074707031,386.492797851562,387.764251708984,465.099273681641,331.633880615234,504.090454101562,403.606353759766,414.406585693359,479.638427734375,392.538818359375,625.202087402344,442.788269042969,330.787261962891,412.387908935547,543.207275390625,291.688751220703,548.754638671875,447.532958984375
"71","15020006",261.610412597656,286.152313232422,226.942153930664,291.392852783203,243.269149780273,285.765716552734,316.917907714844,361.810882568359,269.490661621094,279.580749511719,313.493072509766,313.647766113281,224.827621459961,240.797271728516,273.666900634766,273.937591552734,264.567321777344,258.5322265625,250.259399414062,292.497650146484,295.987365722656,259.391143798828,285.665740966797,299.968872070312,349.860961914062,388.004425048828,368.769195556641,372.743499755859,366.756164550781,348.535125732422,360.459411621094,180.905059814453,302.421325683594,247.110778808594,381.569946289062,289.608520507812,277.287109375,247.395034790039,232.381820678711,347.501403808594,325.058502197266,323.205780029297,268.66845703125,253.276809692383,258.224761962891,244.438262939453,270.302734375,252.861343383789,256.749328613281,232.65544128418,287.707489013672,180.959884643555,318.376495361328,231.668716430664,232.61848449707,321.661712646484,256.48583984375,437.404907226562,274.209564208984,226.194244384766,273.977844238281,327.987487792969,174.409240722656,281.944549560547,315.790100097656
"72","15040004",520.620788574219,433.465789794922,355.201995849609,464.06640625,439.249481201172,382.561828613281,459.782989501953,468.445922851562,443.864562988281,419.547637939453,447.050903320312,375.387573242188,298.926574707031,374.323181152344,459.432556152344,382.001159667969,376.488952636719,420.558654785156,363.574066162109,480.996459960938,494.624328613281,453.799926757812,427.044189453125,444.061798095703,500.797302246094,674.552062988281,529.21484375,538.625915527344,542.956115722656,483.215118408203,502.152648925781,278.133758544922,476.043060302734,472.963409423828,566.538696289062,420.393432617188,468.739929199219,352.039184570312,448.892486572266,445.433197021484,458.383728027344,411.466278076172,409.039154052734,397.886840820312,371.749725341797,335.602294921875,441.152099609375,356.147888183594,459.771209716797,442.952453613281,457.249420166016,336.544219970703,450.735443115234,404.105346679688,356.581939697266,412.028472900391,426.118041992188,608.496887207031,452.021453857422,377.456970214844,455.387023925781,515.11181640625,258.878143310547,428.714660644531,418.325103759766
"73","15010005",288.6181640625,224.980758666992,219.685745239258,182.666290283203,139.009292602539,213.210342407227,138.703659057617,316.679138183594,209.491577148438,240.214950561523,220.205093383789,257.313201904297,220.910171508789,188.700912475586,235.933807373047,229.826705932617,210.331436157227,186.00373840332,249.047317504883,228.799545288086,433.453338623047,336.829193115234,299.817260742188,246.258575439453,328.040069580078,355.931488037109,333.38916015625,245.453369140625,251.738388061523,284.114959716797,239.435333251953,143.829940795898,255.620513916016,267.826141357422,352.122955322266,259.049438476562,249.217864990234,245.072402954102,183.280624389648,261.333099365234,309.191253662109,192.635330200195,189.752410888672,167.507476806641,94.4578704833984,218.259658813477,352.517486572266,247.566970825195,132.279769897461,192.274627685547,185.664825439453,151.461853027344,232.198135375977,170.636108398438,327.195953369141,192.58935546875,176.714080810547,285.278594970703,216.843612670898,175.168869018555,218.061492919922,320.040588378906,123.402351379395,213.617309570312,171.379089355469
"74","15010006",313.392364501953,215.960098266602,252.449447631836,218.334686279297,162.801208496094,239.884918212891,152.136154174805,330.575897216797,229.435470581055,294.220184326172,247.205291748047,297.045440673828,246.985458374023,202.773910522461,268.556335449219,259.526092529297,221.293243408203,221.586669921875,248.792175292969,244.88818359375,461.0849609375,332.555297851562,347.675964355469,282.938781738281,356.6005859375,386.861968994141,331.444213867188,271.341735839844,270.399383544922,328.540100097656,262.325714111328,161.419921875,241.336013793945,270.794403076172,359.534576416016,290.315521240234,272.0810546875,297.177764892578,245.330764770508,308.316345214844,373.568572998047,210.482864379883,225.186630249023,190.01318359375,115.239799499512,244.700286865234,362.473175048828,291.910247802734,169.946533203125,208.187088012695,209.208251953125,166.592697143555,284.920349121094,212.73503112793,347.900268554688,211.463363647461,200.361572265625,319.687713623047,248.526550292969,216.98127746582,242.911209106445,381.380981445312,152.525451660156,243.052688598633,211.051208496094
"75","14070006",172.11865234375,151.234024047852,186.533737182617,181.162551879883,156.168365478516,179.227081298828,146.09814453125,258.901000976562,208.818771362305,203.324127197266,218.034454345703,230.727951049805,184.871887207031,153.613555908203,196.430191040039,198.159606933594,151.562393188477,165.982940673828,125.449935913086,141.302062988281,220.197341918945,229.963241577148,253.679306030273,248.554153442383,262.452392578125,282.543151855469,158.271560668945,233.732681274414,214.815399169922,239.050994873047,181.434646606445,109.787338256836,163.169082641602,180.43147277832,252.187545776367,224.513458251953,194.10139465332,200.171081542969,172.580810546875,241.854827880859,254.709777832031,193.78596496582,190.225875854492,185.386367797852,156.515380859375,175.363403320312,270.99853515625,210.70344543457,158.977203369141,152.792190551758,174.395538330078,116.306312561035,265.002960205078,177.066253662109,168.845443725586,219.772247314453,199.311477661133,283.719482421875,192.455001831055,142.525131225586,189.313766479492,194.380722045898,97.8018798828125,188.515701293945,168.052490234375
"76","14070007",279.767059326172,195.624206542969,273.391143798828,252.515579223633,213.515914916992,253.643081665039,198.90266418457,356.483551025391,272.117950439453,326.793762207031,264.495971679688,318.137115478516,255.367431640625,209.119125366211,262.124755859375,257.267486572266,208.916412353516,249.065216064453,187.719757080078,180.481323242188,293.065826416016,237.478881835938,338.389587402344,345.970489501953,331.728332519531,379.280700683594,240.490005493164,311.288360595703,289.492279052734,334.626312255859,257.710418701172,178.775314331055,225.474746704102,255.384521484375,327.890472412109,269.417083740234,260.421539306641,327.035797119141,242.966720581055,352.289001464844,407.036041259766,269.974243164062,258.227355957031,252.884338378906,218.849044799805,244.634140014648,351.293182373047,294.0068359375,212.054931640625,205.333343505859,221.657852172852,164.911468505859,333.267761230469,262.563323974609,259.055908203125,296.147918701172,266.233734130859,366.727874755859,256.842651367188,243.597305297852,240.615798950195,272.573120117188,161.932556152344,247.491302490234,208.811538696289
"77","14080201",168.974151611328,189.5830078125,190.291519165039,250.502807617188,218.271408081055,229.776916503906,193.273071289062,360.581390380859,239.614151000977,207.120376586914,269.010101318359,306.530609130859,241.037933349609,211.248168945312,234.619583129883,276.459594726562,211.285659790039,185.986358642578,157.531616210938,193.615585327148,273.251159667969,256.672119140625,246.173553466797,247.259506225586,307.413940429688,344.251190185547,230.217788696289,308.546661376953,341.390991210938,301.949584960938,259.942596435547,137.698318481445,237.364074707031,226.003005981445,288.392395019531,263.971649169922,228.248001098633,236.233474731445,208.751281738281,329.408843994141,271.607635498047,246.933120727539,243.970428466797,224.177886962891,202.438827514648,224.513153076172,257.483367919922,263.171264648438,215.369003295898,207.664794921875,239.184844970703,176.475631713867,311.654968261719,238.628997802734,165.866958618164,303.830352783203,257.712646484375,375.323028564453,247.095642089844,215.311614990234,228.796157836914,255.541549682617,124.061347961426,200.056762695312,223.071029663086
"78","14080205",146.02587890625,151.910034179688,183.773956298828,205.632843017578,177.418472290039,202.462493896484,159.069625854492,294.713531494141,238.722564697266,196.097640991211,247.263534545898,248.806442260742,208.006256103516,168.467407226562,210.072113037109,237.253952026367,162.268051147461,171.557769775391,129.212539672852,157.03401184082,225.258010864258,226.774047851562,249.590270996094,242.727508544922,279.420684814453,310.900482177734,163.403045654297,270.626403808594,248.690994262695,265.80029296875,210.270263671875,108.036689758301,180.310791015625,184.880157470703,273.375335693359,230.473892211914,204.3486328125,196.599868774414,172.425399780273,275.879333496094,245.899826049805,209.023315429688,208.145095825195,199.281112670898,174.287094116211,190.28044128418,269.300720214844,232.441452026367,176.170989990234,172.749008178711,201.467376708984,138.42529296875,278.481781005859,203.346481323242,157.615829467773,258.664611816406,223.308303833008,316.048797607422,209.61247253418,162.476699829102,200.998718261719,193.12434387207,111.327255249023,164.329177856445,185.419815063477
"79","15010003",341.753875732422,232.385681152344,307.296752929688,283.160614013672,248.867172241211,301.166625976562,245.05793762207,399.312896728516,312.490142822266,364.267120361328,336.086486816406,379.092956542969,307.863098144531,251.915084838867,294.785003662109,313.347259521484,260.017303466797,291.132019042969,222.254089355469,234.816909790039,366.538696289062,341.021942138672,411.742034912109,384.505126953125,416.511840820312,479.789489746094,296.623962402344,350.804748535156,348.001281738281,377.869567871094,313.178802490234,208.21711730957,278.668060302734,302.792816162109,375.330169677734,347.095611572266,322.195465087891,394.159881591797,308.157623291016,411.81787109375,463.968292236328,301.825531005859,299.802886962891,296.611083984375,227.190078735352,284.332275390625,407.938049316406,359.0615234375,250.869079589844,235.604736328125,286.008422851562,191.666152954102,390.49169921875,297.631805419922,342.180572509766,306.350250244141,285.745483398438,427.36572265625,315.162933349609,285.660461425781,295.790557861328,396.981079101562,182.008407592773,345.368438720703,293.365173339844
"80","15060203",499.102813720703,439.112976074219,412.407989501953,398.464294433594,379.021911621094,442.119323730469,435.269927978516,621.947570800781,469.318878173828,468.405181884766,524.148498535156,460.615478515625,434.051696777344,384.426635742188,431.350799560547,422.764007568359,444.885864257812,373.068115234375,478.759704589844,411.960815429688,614.922668457031,468.654113769531,450.864685058594,489.456939697266,595.855834960938,718.673950195312,561.436340332031,579.377075195312,541.224609375,541.546142578125,510.172485351562,356.427154541016,579.232177734375,541.474792480469,679.089294433594,492.385406494141,469.750518798828,465.117584228516,367.691375732422,427.954742431641,567.349731445312,400.472930908203,428.155151367188,413.655090332031,228.184829711914,455.659240722656,519.549743652344,391.206115722656,382.581634521484,392.334259033203,515.864685058594,361.085388183594,514.6455078125,407.996185302734,390.944793701172,501.606689453125,409.101440429688,612.008361816406,481.916137695312,328.710021972656,429.319854736328,607.236938476562,339.971313476562,630.59521484375,449.085540771484
"81","14080106",275.194458007812,296.929321289062,290.881927490234,395.777435302734,320.500030517578,403.523803710938,319.496429443359,506.201995849609,388.649871826172,359.890869140625,395.812530517578,411.202667236328,387.881134033203,326.119018554688,300.510589599609,370.748291015625,335.098449707031,286.344207763672,269.981628417969,319.240570068359,330.7724609375,287.08740234375,312.066802978516,398.541320800781,459.923004150391,487.822448730469,387.354766845703,384.584503173828,516.194580078125,410.014221191406,412.346588134766,226.74853515625,393.384582519531,328.799896240234,423.72900390625,347.457885742188,334.663909912109,322.691223144531,300.974182128906,507.160064697266,409.428466796875,413.495849609375,336.828308105469,348.061431884766,308.223663330078,330.600769042969,352.226715087891,317.711242675781,329.427947998047,340.823547363281,355.795867919922,264.714904785156,388.5654296875,340.600830078125,299.858306884766,441.650085449219,350.156677246094,559.394226074219,374.36865234375,330.850524902344,329.997314453125,304.745574951172,228.111434936523,300.869781494141,463.626190185547
"82","14080105",188.692825317383,213.369644165039,206.300048828125,286.987762451172,236.694580078125,270.415771484375,228.198822021484,399.391296386719,274.027069091797,246.684967041016,300.356842041016,332.669158935547,266.834686279297,237.364364624023,254.464645385742,288.426696777344,238.532684326172,202.747650146484,179.761383056641,226.6806640625,284.251800537109,263.699310302734,255.331481933594,274.376831054688,343.674652099609,374.565063476562,266.855194091797,342.843292236328,380.367370605469,332.061157226562,306.157958984375,153.814971923828,272.884796142578,253.746398925781,318.955596923828,283.312774658203,247.471817016602,257.351776123047,224.045822143555,365.923522949219,302.865966796875,288.813659667969,261.66552734375,244.424819946289,231.397811889648,245.82405090332,277.940795898438,275.671813964844,233.513427734375,235.586441040039,277.644012451172,193.999572753906,328.695770263672,251.438995361328,199.441757202148,336.260986328125,270.504455566406,417.550598144531,273.377044677734,245.819473266602,249.817672729492,257.60498046875,153.27197265625,235.022705078125,291.675659179688
"83","15010010",279.471099853516,186.510848999023,237.422424316406,212.419692993164,161.388320922852,228.548309326172,149.599990844727,305.892364501953,213.337966918945,288.700744628906,237.067977905273,294.212829589844,234.910873413086,193.371810913086,246.303894042969,259.678436279297,208.285720825195,208.814697265625,215.87336730957,220.177444458008,418.120635986328,300.509155273438,345.97021484375,271.396850585938,328.717987060547,347.19384765625,282.696563720703,255.228729248047,247.514389038086,314.63818359375,243.472442626953,159.003067016602,217.683334350586,243.53303527832,321.982421875,295.229522705078,261.710479736328,288.228698730469,251.184524536133,296.728637695312,362.319580078125,191.060836791992,224.147994995117,186.693008422852,112.483924865723,214.098266601562,316.016296386719,287.632446289062,177.703598022461,191.494155883789,195.607894897461,155.071899414062,279.327178955078,213.917236328125,317.885345458984,200.116287231445,194.440643310547,304.697357177734,242.553298950195,228.912796020508,234.518814086914,371.25244140625,145.380813598633,224.910385131836,182.52522277832
"84","15010001",287.854644775391,210.161087036133,273.694030761719,244.822418212891,213.101821899414,254.434188842773,203.843963623047,331.064544677734,277.100036621094,303.497222900391,282.0087890625,308.984741210938,259.649017333984,215.513366699219,245.651382446289,252.189453125,218.408126831055,242.918106079102,197.285736083984,195.491882324219,286.010833740234,266.895385742188,332.137481689453,348.611206054688,344.461486816406,377.929107666016,251.062957763672,286.922180175781,297.677917480469,322.652191162109,257.377471923828,173.392684936523,257.418426513672,269.323822021484,327.961883544922,282.054290771484,260.264709472656,303.837249755859,244.869873046875,338.180999755859,377.760009765625,273.627532958984,249.747802734375,248.880386352539,207.496444702148,251.224411010742,361.937622070312,284.007507324219,213.971069335938,215.505462646484,237.772872924805,171.234634399414,321.682159423828,243.676620483398,266.992950439453,281.266845703125,246.556686401367,381.626953125,256.038055419922,211.551361083984,242.8564453125,285.481170654297,142.992767333984,238.179977416992,260.684814453125
